vehicle,powertrain,manufacture_year,scenario,previous_g_co2eq_vkm,updated_g_co2eq_vkm,absolute_change_g_co2eq_vkm,change_percent
Lower-medium car,BEV,2025,static,127.0084853461704,132.45306328667368,5.4445779405032795,4.286782828457247
Lower-medium car,BEV,2030,static,119.22806638307321,117.0983098952129,-2.1297564878603055,-1.7862878703555518
Lower-medium car,BEV,2050,static,114.4984942504962,112.32184013696971,-2.1766541135264816,-1.9010329592321629
Lower-medium car,Petrol,2025,static,297.4160758042932,297.4512664641993,0.0351906599061067,0.011832131067879281
Lower-medium car,Petrol,2030,static,284.96798390387204,284.93581911160186,-0.03216479227017999,-0.011287159992345863
Lower-medium car,Petrol,2050,static,262.39023585290397,262.35730638882757,-0.03292946407640329,-0.01254980543363704
Lower-medium car,BEV,2025,SSP2-NPi,102.9088281591073,112.0798295155474,9.171001356440101,8.911773188458438
Lower-medium car,BEV,2030,SSP2-NPi,80.52849920457069,84.8414816835686,4.31298247899791,5.355846093743066
Lower-medium car,BEV,2050,SSP2-NPi,53.984339783426506,57.7898430175335,3.805503234106993,7.049272528614492
Lower-medium car,Petrol,2025,SSP2-NPi,279.3276963841746,284.64335089108977,5.315654506915166,1.903017343330049
Lower-medium car,Petrol,2030,SSP2-NPi,255.6761064341021,260.2165583165665,4.540451882464367,1.775860852149913
Lower-medium car,Petrol,2050,SSP2-NPi,217.4614727654407,220.84112436288032,3.3796515974396186,1.5541380983310926
Lower-medium car,BEV,2025,SSP2-PkBudg1000,100.7521274040258,110.6222356717797,9.870108267753906,9.796426658241986
Lower-medium car,BEV,2030,SSP2-PkBudg1000,78.02727180139,82.4409704620567,4.413698660666697,5.656610257886863
Lower-medium car,BEV,2050,SSP2-PkBudg1000,41.1845936379883,44.764049754364706,3.579456116376406,8.691250295777465
Lower-medium car,Petrol,2025,SSP2-PkBudg1000,278.2889272936634,283.6362407508404,5.347313457176995,1.9214970243980556
Lower-medium car,Petrol,2030,SSP2-PkBudg1000,253.6177408918055,258.2107064212234,4.5929655294178815,1.8109795920693283
Lower-medium car,Petrol,2050,SSP2-PkBudg1000,206.7610475354704,209.85843457626018,3.0973870407897834,1.49805153229281
Lower-medium car,BEV,2025,SSP2-PkBudg650,97.3965702571185,107.9302381067522,10.533667849633702,10.815234891563152
Lower-medium car,BEV,2030,SSP2-PkBudg650,73.6150248146811,78.1742703007186,4.559245486037497,6.193362696698079
Lower-medium car,BEV,2050,SSP2-PkBudg650,30.3309528397936,32.2947460478211,1.9637932080275,6.4745516515756885
Lower-medium car,Petrol,2025,SSP2-PkBudg650,276.7073633463582,282.0468344856889,5.339471139330726,1.929645483502096
Lower-medium car,Petrol,2030,SSP2-PkBudg650,250.46306211844998,255.03310954039637,4.570047421946384,1.8246392834505576
Lower-medium car,Petrol,2050,SSP2-PkBudg650,198.5098403587188,200.0159506764324,1.506110317713592,0.758708140106279
18 t truck (urban delivery),BEV,2025,static,437.3765949487461,458.71500832113674,21.33841337239062,4.878727764317414
18 t truck (urban delivery),BEV,2030,static,427.1745173794988,445.77062696994517,18.59610959044636,4.353281582554169
18 t truck (urban delivery),BEV,2050,static,361.28332902281454,359.64082411380986,-1.6425049090046855,-0.4546306948198464
18 t truck (urban delivery),Diesel,2025,static,1248.9423855012672,1249.478575871079,0.5361903698119477,0.04293155361179135
18 t truck (urban delivery),Diesel,2030,static,1138.2912810418288,1138.7637923925556,0.4725113507267906,0.04151058332753088
18 t truck (urban delivery),Diesel,2050,static,935.1032594153658,935.4599907656373,0.3567313502715024,0.0381488725100354
18 t truck (urban delivery),BEV,2025,SSP2-NPi,369.7721932286275,411.2185587799806,41.4463655513531,11.208621500029103
18 t truck (urban delivery),BEV,2030,SSP2-NPi,319.9857763315332,345.6791542729005,25.693377941367316,8.029537511300733
18 t truck (urban delivery),BEV,2050,SSP2-NPi,203.5852440782588,215.36254204098378,11.777297962724987,5.784946750953002
18 t truck (urban delivery),Diesel,2025,SSP2-NPi,1198.9810622457978,1224.4024855160717,25.421423270273863,2.120252276767176
18 t truck (urban delivery),Diesel,2030,SSP2-NPi,1055.3366811567123,1074.1746380895331,18.837956932820816,1.7850186835326687
18 t truck (urban delivery),Diesel,2050,SSP2-NPi,809.6887097706655,820.9588362443034,11.270126473637902,1.3919085616038718
18 t truck (urban delivery),BEV,2025,SSP2-PkBudg1000,362.15805866779573,406.4876019347968,44.3295432670011,12.24038571171604
18 t truck (urban delivery),BEV,2030,SSP2-PkBudg1000,306.2593621229883,337.0339362488325,30.774574125844197,10.04853334523883
18 t truck (urban delivery),BEV,2050,SSP2-PkBudg1000,153.9435168512206,168.7478926421779,14.804375790957295,9.61675820701502
18 t truck (urban delivery),Diesel,2025,SSP2-PkBudg1000,1195.4584387627146,1221.1900005559232,25.731561793208584,2.1524430259441285
18 t truck (urban delivery),Diesel,2030,SSP2-PkBudg1000,1048.3812218602911,1067.8315666586604,19.450344798369315,1.8552740542086221
18 t truck (urban delivery),Diesel,2050,SSP2-PkBudg1000,761.7765875038023,776.7507576408991,14.974170137096849,1.9656905164497696
18 t truck (urban delivery),BEV,2025,SSP2-PkBudg650,350.6255782596312,397.6912851740207,47.06570691438952,13.423352382905263
18 t truck (urban delivery),BEV,2030,SSP2-PkBudg650,284.7811615418887,320.390447878969,35.60928633708028,12.504087750847415
18 t truck (urban delivery),BEV,2050,SSP2-PkBudg650,112.2535299127771,119.1312655056437,6.8777355928666,6.126965983351007
18 t truck (urban delivery),Diesel,2025,SSP2-PkBudg650,1190.2316495650416,1216.209543084964,25.977893519922418,2.1825913912989714
18 t truck (urban delivery),Diesel,2030,SSP2-PkBudg650,1037.8724671305195,1057.804846830951,19.93237970043151,1.9205037547185277
18 t truck (urban delivery),Diesel,2050,SSP2-PkBudg650,722.6802350465217,730.2895371610703,7.609302114548541,1.0529279403993508
13 m city bus,BEV (depot),2025,static,449.59255951043855,474.0625128004005,24.46995328996195,5.442695341001036
13 m city bus,BEV (depot),2030,static,448.6665939587268,472.08087713224177,23.414283173514946,5.218637511414292
13 m city bus,BEV (depot),2050,static,394.65835779118305,415.02948414551486,20.371126354331807,5.161711630369248
13 m city bus,Diesel,2025,static,1488.2443380428413,1489.0438038086431,0.7994657658018696,0.05371871710617704
13 m city bus,Diesel,2030,static,1428.0488711681353,1428.8109084906362,0.7620373225008734,0.053362131919021394
13 m city bus,Diesel,2050,static,1305.4457735651863,1306.1319043019723,0.6861307367860263,0.05255911434085547
13 m city bus,BEV (depot),2025,SSP2-NPi,393.3025107345576,435.15189314809123,41.84938241353365,10.640507312138169
13 m city bus,BEV (depot),2030,SSP2-NPi,343.1820501189441,373.0664570851281,29.884406966183974,8.70803323070839
13 m city bus,BEV (depot),2050,SSP2-NPi,222.9092393417134,232.33992994979928,9.430690608085882,4.230731142386124
13 m city bus,Diesel,2025,SSP2-NPi,1468.581833138136,1485.2823594904328,16.70052635229672,1.1371873174142566
13 m city bus,Diesel,2030,SSP2-NPi,1373.6011700443803,1385.8506877350806,12.249517690700259,0.8917812504705802
13 m city bus,Diesel,2050,SSP2-NPi,1206.6931426871624,1214.238925643477,7.545782956314497,0.6253274083841243
13 m city bus,BEV (depot),2025,SSP2-PkBudg1000,387.19587031029215,429.5063872039785,42.31051689368633,10.92741946337894
13 m city bus,BEV (depot),2030,SSP2-PkBudg1000,331.2362925012235,362.1022068340805,30.865914332857017,9.318397479872464
13 m city bus,BEV (depot),2050,SSP2-PkBudg1000,170.9725923464035,179.52290129131572,8.550308944912217,5.0009822203483045
13 m city bus,Diesel,2025,SSP2-PkBudg1000,1464.132433923541,1481.0810052290817,16.94857130554078,1.1575845813429853
13 m city bus,Diesel,2030,SSP2-PkBudg1000,1364.7678210178808,1377.508943759301,12.741122741420213,0.9335743813125408
13 m city bus,Diesel,2050,SSP2-PkBudg1000,1163.4316256206082,1173.9158561304616,10.484230509853433,0.901147113330425
13 m city bus,BEV (depot),2025,SSP2-PkBudg650,378.3783382723248,420.55765108027646,42.179312807951646,11.147390995092987
13 m city bus,BEV (depot),2030,SSP2-PkBudg650,313.671004952237,344.4107131008148,30.73970814857779,9.799983952376646
13 m city bus,BEV (depot),2050,SSP2-PkBudg650,126.5378130745864,129.5010295461439,2.9632164715575158,2.3417636195521174
13 m city bus,Diesel,2025,SSP2-PkBudg650,1459.3144700348698,1476.4194087308138,17.10493869594393,1.1721215027447274
13 m city bus,Diesel,2030,SSP2-PkBudg650,1355.0544120621455,1368.100066781453,13.04565471930755,0.9627402857907752
13 m city bus,Diesel,2050,SSP2-PkBudg650,1127.4315538108194,1133.0632913314626,5.631737520643128,0.4995192392484915
Scooter <4 kW,BEV,2025,static,48.361214015381705,50.2702206211465,1.9090066057647945,3.9473918193154045
Scooter <4 kW,BEV,2030,static,46.5813855298117,45.7490335446144,-0.8323519851972989,-1.7868768301548266
Scooter <4 kW,BEV,2050,static,48.9978546842258,47.9439381597492,-1.0539165244765982,-2.1509442224944886
Scooter <4 kW,Petrol,2025,static,84.8625788181315,84.86200045347141,-0.0005783646600860948,-0.0006815308562835298
Scooter <4 kW,Petrol,2030,static,83.70427960361269,83.7037169032605,-0.0005627003521908591,-0.00067224800793797
Scooter <4 kW,Petrol,2050,static,79.6931224828502,79.69261639427489,-0.0005060885753067623,-0.000635046738717282
Scooter <4 kW,BEV,2025,SSP2-NPi,38.2325817772119,41.6313890074528,3.398807230240905,8.889818767789116
Scooter <4 kW,BEV,2030,SSP2-NPi,28.9392143305451,30.6049207598184,1.6657064292732997,5.755879929038565
Scooter <4 kW,BEV,2050,SSP2-NPi,19.3806668493434,21.0797875954872,1.6991207461438016,8.767091242793668
Scooter <4 kW,Petrol,2025,SSP2-NPi,77.6669868395147,79.7327498228894,2.0657629833746967,2.6597697006621734
Scooter <4 kW,Petrol,2030,SSP2-NPi,70.80239351151,72.571791297915,1.7693977864049941,2.499064930788464
Scooter <4 kW,Petrol,2050,SSP2-NPi,60.9755295971166,62.253541231930996,1.2780116348143977,2.0959418364360216
Scooter <4 kW,BEV,2025,SSP2-PkBudg1000,37.346955298029805,41.003154508928,3.656199210898194,9.789818692639374
Scooter <4 kW,BEV,2030,SSP2-PkBudg1000,27.7933342657882,29.5152237260099,1.7218894602216999,6.195332462651781
Scooter <4 kW,BEV,2050,SSP2-PkBudg1000,14.916475975930199,16.4390591463966,1.5225831704663992,10.207391966596525
Scooter <4 kW,Petrol,2025,SSP2-PkBudg1000,77.2659333512839,79.3648983903222,2.0989650390382906,2.7165465399809463
Scooter <4 kW,Petrol,2030,SSP2-PkBudg1000,70.00218068816,71.83775684274329,1.8355761545832934,2.622169961762011
Scooter <4 kW,Petrol,2050,SSP2-PkBudg1000,57.6406885188097,58.7611995713969,1.1205110525872044,1.9439584803390364
Scooter <4 kW,BEV,2025,SSP2-PkBudg650,36.0239831460524,39.930660324833,3.9066771787805976,10.844656358353589
Scooter <4 kW,BEV,2030,SSP2-PkBudg650,25.9221389886105,27.7276961043911,1.8055571157806014,6.9653091381614685
Scooter <4 kW,BEV,2050,SSP2-PkBudg650,11.443925306022,12.1089419052593,0.6650165992372994,5.811088253847263
Scooter <4 kW,Petrol,2025,SSP2-PkBudg650,76.75781636256549,78.85062303379051,2.09280667122502,2.7265062639870496
Scooter <4 kW,Petrol,2030,SSP2-PkBudg650,68.98010743320911,70.80337559051381,1.823268157304696,2.6431796428703747
Scooter <4 kW,Petrol,2050,SSP2-PkBudg650,54.9856947180336,55.4564173392406,0.4707226212070026,0.8560819748133941
