scenario;region;year;reported_total_twh;reported_other_twh;residual_other_twh;other_surplus_twh
geco-2025-reference;World;2030;39216.4;236.0522;214.479;21.5732
geco-2025-reference;World;2035;47030.5;390.0422;344.221;45.8212
geco-2025-reference;World;2040;55181.7;564.5047;477.93;86.5747
geco-2025-reference;World;2050;69054.6;980.3275;727.595;252.7325
geco-2025-reference;World;2060;80295.3;1568.2681;907.0715;661.1966
geco-2025-reference;World;2070;89220.8;2543.1604;1188.6786;1354.4818
geco-2025-reference;European Union;2030;3034.12;79.5469;77.527279808;2.019620192
geco-2025-reference;European Union;2035;3516.81;116.19333;113.4012224;2.7921076
geco-2025-reference;European Union;2040;4161.2;127.80725;123.8098224;3.9974276
geco-2025-reference;European Union;2050;4746.29;135.69742;127.4591224;8.2382976
geco-2025-reference;European Union;2060;4846.81;153.7257;136.2978224;17.4278776
geco-2025-reference;European Union;2070;4911.09;191.8091;157.1150224;34.6940776
geco-2025-reference;EFTA;2030;228.269;4.99561834;4.907752;0.08786634
geco-2025-reference;EFTA;2035;242.035;4.5095695;4.354141;0.1554285
geco-2025-reference;EFTA;2040;261.694;5.1562327;4.872488;0.2837447
geco-2025-reference;EFTA;2050;299.901;4.7845208;3.7914236;0.9930972
geco-2025-reference;EFTA;2060;333.216;7.3811251;4.5035175;2.8776076
geco-2025-reference;EFTA;2070;364.693;11.4026843;5.8708308;5.5318535
geco-2025-reference;Argentina;2030;297.635;0.067888796;0.0305789999999;0.0373097960001
geco-2025-reference;Argentina;2035;341.73;0.1558131;0.065158;0.0906551
geco-2025-reference;Argentina;2040;380.512;0.3124129;0.0981921;0.2142208
geco-2025-reference;Argentina;2050;463.529;0.8848385;0.1911416;0.6936969
geco-2025-reference;Argentina;2060;519.866;2.2955058403;0.3130416;1.9824642403
geco-2025-reference;Argentina;2070;550.427;6.7261677;0.5724416;6.1537261
geco-2025-reference;Australia;2030;308.387;0.557372796;0.16055453377;0.39681826223
geco-2025-reference;Australia;2035;360.91;1.1040135;0.29488150784;0.80913199216
geco-2025-reference;Australia;2040;413.914;1.6699423;0.413349938;1.256592362
geco-2025-reference;Australia;2050;496.079;5.6277695;1.030311248;4.597458252
geco-2025-reference;Australia;2060;571.041;16.1095999;2.342909448;13.766690452
geco-2025-reference;Australia;2070;640.678;31.2742689549;4.172729448;27.1015395069
geco-2025-reference;Brazil;2030;829.032;0.754534896;0.2535918;0.500943096
geco-2025-reference;Brazil;2035;961.419;1.5033326;0.492012646;1.011319954
geco-2025-reference;Brazil;2040;1181.09;2.4657904;1.028085;1.4377054
geco-2025-reference;Brazil;2050;1693.96;6.3176864;4.059468;2.2582184
geco-2025-reference;Brazil;2060;2102.53;15.3203994;11.75388;3.5665194
geco-2025-reference;Brazil;2070;2294.31;30.8022624;25.732702;5.0695604
geco-2025-reference;Canada;2030;749.757;0.703728496;0.258052224;0.445676272
geco-2025-reference;Canada;2035;845.498;1.3659963;0.4857765;0.8802198
geco-2025-reference;Canada;2040;986.809;2.7152684;0.94725;1.7680184
geco-2025-reference;Canada;2050;1150.54;6.6534624;1.9753404;4.678122
geco-2025-reference;Canada;2060;1271.35;13.7462644;4.0033012;9.7429632
geco-2025-reference;Canada;2070;1364.8;25.7514214;7.6377412;18.1136802
geco-2025-reference;Switzerland;2030;73.3289;0.039068672;0.011781;0.027287672
geco-2025-reference;Switzerland;2035;83.0585;0.0639931136;0.021581;0.0424121136
geco-2025-reference;Switzerland;2040;95.983;0.098083276;0.036056;0.062027276
geco-2025-reference;Switzerland;2050;114.822;0.265062276;0.1159512;0.149111076
geco-2025-reference;Switzerland;2060;125.742;0.54350333758;0.2835942;0.25990913758
geco-2025-reference;Switzerland;2070;134.932;0.930767276;0.5383884;0.392378876
geco-2025-reference;Chile;2030;106.033;1.049748776;0.89727447738;0.15247429862
geco-2025-reference;Chile;2035;133.207;1.249474834;1.03759500045;0.21187983355
geco-2025-reference;Chile;2040;159.314;3.2157553;2.918402;0.2973533
geco-2025-reference;Chile;2050;203.451;7.885901;7.1845026;0.7013984
geco-2025-reference;Chile;2060;243.088;9.5861443;7.9999186;1.5862257
geco-2025-reference;Chile;2070;275.495;16.7028333;13.5011006;3.2017327
geco-2025-reference;China;2030;13179.9;15.4205569;7.315;8.1055569
geco-2025-reference;China;2035;15906.7;30.5431362;13.6818;16.8613362
geco-2025-reference;China;2040;18024.5;47.2324152;16.90006;30.3323552
geco-2025-reference;China;2050;21615.4;109.7951764;29.52010282;80.27507358
geco-2025-reference;China;2060;24217.7;255.7615244;50.078928;205.6825964
geco-2025-reference;China;2070;25511;507.9385644;86.28724698;421.65131742
geco-2025-reference;Egypt;2030;313.399;0.160238872;0.046017224;0.114221648
geco-2025-reference;Egypt;2035;437.034;0.4009811;0.10994549;0.29103561
geco-2025-reference;Egypt;2040;611.471;0.8510905;0.1971152;0.6539753
geco-2025-reference;Egypt;2050;1072.36;3.3892196;0.546028;2.8431916
geco-2025-reference;Egypt;2060;1520.81;10.5652365;1.238428;9.3268085
geco-2025-reference;Egypt;2070;1837.73;24.8111068;2.458628;22.3524788
geco-2025-reference;United Kingdom;2030;312.175;1.3793821;1.21081;0.1685721
geco-2025-reference;United Kingdom;2035;361.514;2.0456716;1.7493464;0.2963252
geco-2025-reference;United Kingdom;2040;466.612;1.973209296;1.446860224;0.526349072
geco-2025-reference;United Kingdom;2050;584.906;3.5122514;2.1688256;1.3434258
geco-2025-reference;United Kingdom;2060;598.5;5.6257514;2.9382048;2.6875466
geco-2025-reference;United Kingdom;2070;612.717;10.3029994;4.7214548;5.5815446
geco-2025-reference;Indonesia;2030;562.463;27.0785588;26.7512888774;0.32726992262
geco-2025-reference;Indonesia;2035;756.346;49.8028024;49.1428378005;0.65996459955
geco-2025-reference;Indonesia;2040;966.69;76.674031;75.457884248;1.216146752
geco-2025-reference;Indonesia;2050;1403.59;117.701446;113.126926248;4.574519752
geco-2025-reference;Indonesia;2060;1711.28;133.360188;119.607290248;13.752897752
geco-2025-reference;Indonesia;2070;1925.96;169.9873982;141.350124248;28.637273952
geco-2025-reference;India;2030;2950.34;4.661302296;1.4723;3.189002296
geco-2025-reference;India;2035;3781;12.0759804;3.699;8.3769804
geco-2025-reference;India;2040;4861.02;23.5931564;6.2662;17.3269564
geco-2025-reference;India;2050;7365.47;70.4977544;14.4453;56.0524544
geco-2025-reference;India;2060;9854.99;169.4298064;28.8616;140.5682064
geco-2025-reference;India;2070;11525.1;295.3918644;42.31168;253.0801844
geco-2025-reference;Iran;2030;743.517;0.116730896;0.0667890000001;0.0499418959999
geco-2025-reference;Iran;2035;921.507;0.2457356;0.1158568;0.1298788
geco-2025-reference;Iran;2040;988.112;0.409955;0.1555568;0.2543982
geco-2025-reference;Iran;2050;1065.16;1.1293368;0.2570568;0.87228
geco-2025-reference;Iran;2060;1140.62;3.4955733;0.4523568;3.0432165
geco-2025-reference;Iran;2070;1225.29;9.6236999;0.9467568;8.6769431
geco-2025-reference;Iceland;2030;22.3909;4.89161624;4.87817128741;0.01344495259
geco-2025-reference;Iceland;2035;24.7753;4.32666691;4.30491012546;0.02175678454
geco-2025-reference;Iceland;2040;27.5376;4.81924327;4.777669768;0.041573502
geco-2025-reference;Iceland;2050;32.344;3.65003909;3.499422548;0.150616542
geco-2025-reference;Iceland;2060;36.3727;4.08049983;3.788563348;0.291936482
geco-2025-reference;Iceland;2070;40.4261;5.00956988;4.545768448;0.463801432
geco-2025-reference;Japan;2030;1091.38;13.704731;13.07579;0.628941
geco-2025-reference;Japan;2035;1237.88;19.121791;18.0063568;1.1154342
geco-2025-reference;Japan;2040;1334.3;22.714125;20.88756;1.826565
geco-2025-reference;Japan;2050;1396.3;24.757927;19.7781736;4.9797534
geco-2025-reference;Japan;2060;1395.51;37.694336;23.7146725;13.9796635
geco-2025-reference;Japan;2070;1367.13;53.582263;27.4094416;26.1728214
geco-2025-reference;South Korea;2030;765.982;1.063500296;0.731696;0.331804296
geco-2025-reference;South Korea;2035;856.045;1.6059444;0.93238786;0.67355654
geco-2025-reference;South Korea;2040;909.011;1.7475264;0.5721013;1.1754251
geco-2025-reference;South Korea;2050;948.077;3.7552364;0.923188;2.8320484
geco-2025-reference;South Korea;2060;908.353;7.6538942;1.38056;6.2733342
geco-2025-reference;South Korea;2070;881.814;15.7319144;2.56444;13.1674744
geco-2025-reference;Mediterranean Middle-East;2030;138.151;0.057276572;0.02486943141;0.03240714059
geco-2025-reference;Mediterranean Middle-East;2035;165.883;0.13514109;0.06417032546;0.07097076454
geco-2025-reference;Mediterranean Middle-East;2040;196.884;0.2572964;0.131089;0.1262074
geco-2025-reference;Mediterranean Middle-East;2050;261.764;0.542869;0.277508;0.265361
geco-2025-reference;Mediterranean Middle-East;2060;317.178;0.9614881;0.492529;0.4689591
geco-2025-reference;Mediterranean Middle-East;2070;381.713;2.1411431;1.007991;1.1331521
geco-2025-reference;Mexico;2030;420.808;8.290753142;8.180922;0.109831142
geco-2025-reference;Mexico;2035;518.957;13.0179065;12.716398;0.3015085
geco-2025-reference;Mexico;2040;647.865;13.4516125;12.831068;0.6205445
geco-2025-reference;Mexico;2050;905.132;20.6393434;19.14474932;1.49459408
geco-2025-reference;Mexico;2060;1143.82;35.4459597;32.76973;2.6762297
geco-2025-reference;Mexico;2070;1333.75;46.9151052;42.574113;4.3409922
geco-2025-reference;Malaysia;2030;263.916;0.399178696;0.11881953259;0.28035916341
geco-2025-reference;Malaysia;2035;323.205;0.7117831;0.21002552665;0.50175757335
geco-2025-reference;Malaysia;2040;378.333;1.1304404;0.316026248;0.814414152
geco-2025-reference;Malaysia;2050;472.55;3.207766925;0.655444048;2.552322877
geco-2025-reference;Malaysia;2060;507.049;8.2081242993;0.958269448;7.2498548513
geco-2025-reference;Malaysia;2070;522.53;15.8571488901;1.381568298;14.4755805921
geco-2025-reference;Morocco and Tunisia;2030;82.9623;0.037699976;0.01041627141;0.02728370459
geco-2025-reference;Morocco and Tunisia;2035;99.7715;0.10654946;0.02277652546;0.08377293454
geco-2025-reference;Morocco and Tunisia;2040;128.721;0.27960557;0.047047;0.23255857
geco-2025-reference;Morocco and Tunisia;2050;200.426;0.9644267;0.115981;0.8484457
geco-2025-reference;Morocco and Tunisia;2060;282.957;2.4314473;0.222678;2.2087693
geco-2025-reference;Morocco and Tunisia;2070;369.423;5.2606478;0.417978;4.8426698
geco-2025-reference;Algeria and Libya;2030;193.208;0.050411926;0.01695579141;0.03345613459
geco-2025-reference;Algeria and Libya;2035;250.018;0.09765001;0.02743132546;0.07021868454
geco-2025-reference;Algeria and Libya;2040;309.651;0.2031643;0.0448358;0.1583285
geco-2025-reference;Algeria and Libya;2050;452.16;0.7411576;0.11432573;0.62683187
geco-2025-reference;Algeria and Libya;2060;585.566;3.185885;0.315058;2.870827
geco-2025-reference;Algeria and Libya;2070;681.419;9.560474;0.752298;8.808176
geco-2025-reference;Norway;2030;132.549;0.064930072;0.01810347659;0.04682659541
geco-2025-reference;Norway;2035;134.202;0.118907876;0.02871132665;0.09019654935
geco-2025-reference;Norway;2040;138.174;0.23890614;0.0584713426;0.1804347974
geco-2025-reference;Norway;2050;152.735;0.8694179;0.175872348;0.693545552
geco-2025-reference;Norway;2060;171.101;2.7571177;0.430879848;2.326237852
geco-2025-reference;Norway;2070;189.335;5.462338;0.786834998;4.675503002
geco-2025-reference;New Zealand;2030;44.7961;8.725514376;8.71334833259;0.01216604341
geco-2025-reference;New Zealand;2035;50.3969;8.6549341377;8.63084572665;0.02408841105
geco-2025-reference;New Zealand;2040;56.5864;8.333554531;8.2889836;0.044570931
geco-2025-reference;New Zealand;2050;65.0525;5.1383806;5.0227942;0.1155864
geco-2025-reference;New Zealand;2060;70.7379;4.5660737;4.2831672;0.2829065
geco-2025-reference;New Zealand;2070;76.9475;4.9156834;4.387805;0.5278784
geco-2025-reference;Rest of Central America;2030;165.941;4.138352144;4.03476453141;0.10358761259
geco-2025-reference;Rest of Central America;2035;203.479;4.21084561;4.03784852546;0.17299708454
geco-2025-reference;Rest of Central America;2040;260.557;5.5817015;5.288598248;0.293103252
geco-2025-reference;Rest of Central America;2050;380.251;11.8855152;11.301433448;0.584081752
geco-2025-reference;Rest of Central America;2060;485.995;13.7251226;12.767044288;0.958078312
geco-2025-reference;Rest of Central America;2070;587.767;22.9723199;21.650424148;1.321895752
geco-2025-reference;Rest of Balkans;2030;99.063;0.057532756;0.02426553141;0.03326722459
geco-2025-reference;Rest of Balkans;2035;119.43;0.0941527;0.03699352546;0.05715917454
geco-2025-reference;Rest of Balkans;2040;140.463;0.1566664;0.052794;0.1038724
geco-2025-reference;Rest of Balkans;2050;160.398;0.4468907;0.085473;0.3614177
geco-2025-reference;Rest of Balkans;2060;156.762;1.1483432;0.13511;1.0132332
geco-2025-reference;Rest of Balkans;2070;157.038;2.00699139;0.194001;1.81299039
geco-2025-reference;Rest of CIS;2030;729.489;0.398782172;0.138775;0.260007172
geco-2025-reference;Rest of CIS;2035;877.855;0.7609813136;0.2349018;0.5260795136
geco-2025-reference;Rest of CIS;2040;1002.57;1.364240276;0.3676045;0.996635776
geco-2025-reference;Rest of CIS;2050;1164.77;3.697647276;0.763328;2.934319276
geco-2025-reference;Rest of CIS;2060;1281.85;10.7090153376;1.474328;9.23468733758
geco-2025-reference;Rest of CIS;2070;1433.81;23.410815276;2.773318;20.637497276
geco-2025-reference;Rest of Persian Gulf;2030;732.521;0.240305596;0.0978171300001;0.142488466
geco-2025-reference;Rest of Persian Gulf;2035;877.772;0.5469864;0.1654468;0.3815396
geco-2025-reference;Rest of Persian Gulf;2040;1065.97;1.2448095;0.2736668;0.9711427
geco-2025-reference;Rest of Persian Gulf;2050;1476.33;5.4677327;0.6978568;4.7698759
geco-2025-reference;Rest of Persian Gulf;2060;1846.52;19.3269519;1.873372;17.4535799
geco-2025-reference;Rest of Persian Gulf;2070;2180.18;51.116494;4.4417168;46.6747772
geco-2025-reference;Rest of Pacific;2030;13.6456;0.523086315;0.51044753141;0.01263878359
geco-2025-reference;Rest of Pacific;2035;19.7718;1.56672508;1.53453952546;0.03218555454
geco-2025-reference;Rest of Pacific;2040;19.1332;1.44067879;1.376938248;0.063740542
geco-2025-reference;Rest of Pacific;2050;35.0875;2.640636;2.452278248;0.188357752
geco-2025-reference;Rest of Pacific;2060;63.5247;4.05654475;3.638421248;0.418123502
geco-2025-reference;Rest of Pacific;2070;88.4767;4.6772755;3.898831448;0.778444052
geco-2025-reference;Rest of Sub-Saharan Africa;2030;555.313;7.7440393;7.27203853141;0.47200076859
geco-2025-reference;Rest of Sub-Saharan Africa;2035;842.486;17.0673551;15.7008485255;1.36650657454
geco-2025-reference;Rest of Sub-Saharan Africa;2040;1216.27;34.060571;30.551858248;3.508712752
geco-2025-reference;Rest of Sub-Saharan Africa;2050;2252.25;81.135007;65.663158248;15.471848752
geco-2025-reference;Rest of Sub-Saharan Africa;2060;3658.67;130.556563;84.734487248;45.822075752
geco-2025-reference;Rest of Sub-Saharan Africa;2070;5420.73;220.562797;107.511170248;113.051626752
geco-2025-reference;Rest of South America;2030;449.649;0.375214194;0.11796853141;0.25724566259
geco-2025-reference;Rest of South America;2035;556.894;0.74026946;0.24205552546;0.49821393454
geco-2025-reference;Rest of South America;2040;701.004;1.4695409;0.479176;0.9903649
geco-2025-reference;Rest of South America;2050;967.383;3.2940774;1.141628;2.1524494
geco-2025-reference;Rest of South America;2060;1181.1;5.0689019;1.693638;3.3752639
geco-2025-reference;Rest of South America;2070;1340.64;7.7717634;3.185669;4.5860944
geco-2025-reference;Rest of South Asia;2030;370.93;0.166936486;0.050841;0.116095486
geco-2025-reference;Rest of South Asia;2035;509.785;0.14691818;0.0462409;0.10067728
geco-2025-reference;Rest of South Asia;2040;691.87;0.4101071;0.1054401;0.304667
geco-2025-reference;Rest of South Asia;2050;1164.97;1.9570029;0.3619812;1.5950217
geco-2025-reference;Rest of South Asia;2060;1883.77;8.4613424;1.1499012;7.3114412
geco-2025-reference;Rest of South Asia;2070;2788.02;14.0161484;1.8132712;12.2028772
geco-2025-reference;Rest of South-East Asia;2030;723.354;9.0465768;8.43804;0.6085368
geco-2025-reference;Rest of South-East Asia;2035;892.865;15.5002832;14.335846;1.1644372
geco-2025-reference;Rest of South-East Asia;2040;1111.84;33.524944;31.5233;2.001644
geco-2025-reference;Rest of South-East Asia;2050;1481.77;62.081245;57.23263;4.848615
geco-2025-reference;Rest of South-East Asia;2060;1809.14;77.597233;67.44522;10.152013
geco-2025-reference;Rest of South-East Asia;2070;2081.37;107.99607;89.97942;18.01665
geco-2025-reference;Russian Federation;2030;1750.19;3.3766374;2.950319;0.4263184
geco-2025-reference;Russian Federation;2035;1984.91;5.3498897;4.590728;0.7591617
geco-2025-reference;Russian Federation;2040;2273.85;6.587929;5.287728;1.300201
geco-2025-reference;Russian Federation;2050;2556.22;8.718839;5.631828;3.087011
geco-2025-reference;Russian Federation;2060;2615.85;15.3628885;5.729628;9.6332605
geco-2025-reference;Russian Federation;2070;2815.35;28.8709142;5.982128;22.8887862
geco-2025-reference;Saudi Arabia;2030;425.579;0.044292398;0.016488552;0.027803846
geco-2025-reference;Saudi Arabia;2035;451.537;0.15868263;0.03580995368;0.12287267632
geco-2025-reference;Saudi Arabia;2040;487.586;0.41023316;0.05847598837;0.35175717163
geco-2025-reference;Saudi Arabia;2050;589.498;1.48625647;0.11893468692;1.36732178308
geco-2025-reference;Saudi Arabia;2060;656.1;4.0882869;0.19831532566;3.88997157434
geco-2025-reference;Saudi Arabia;2070;757.441;9.3969811;0.31887294321;9.07810815679
geco-2025-reference;Thailand;2030;219.891;0.1231401823;0.03842003259;0.08472014971
geco-2025-reference;Thailand;2035;279.294;0.18832487;0.0600194766499;0.12830539335
geco-2025-reference;Thailand;2040;355.671;0.3202879;0.120403148;0.199884752
geco-2025-reference;Thailand;2050;453.485;1.2983569;0.304402415;0.993954485
geco-2025-reference;Thailand;2060;509.066;2.6377239;0.487785248;2.149938652
geco-2025-reference;Thailand;2070;522.237;4.0855647;0.613456248;3.472108452
geco-2025-reference;Türkiye;2030;494.01;11.8785431;11.527605;0.3509381
geco-2025-reference;Türkiye;2035;710.034;16.9743193;16.05025969;0.92405961
geco-2025-reference;Türkiye;2040;868.091;20.3674217;18.355928;2.0114937
geco-2025-reference;Türkiye;2050;1082.52;30.7131858;23.787328;6.9258578
geco-2025-reference;Türkiye;2060;1177.81;39.232486;23.23819657;15.99428943
geco-2025-reference;Türkiye;2070;1238.14;65.0363261;30.865028;34.1712981
geco-2025-reference;Ukraine;2030;194.026;0.121109406;0.023167;0.097942406
geco-2025-reference;Ukraine;2035;231.248;0.1851933;0.0449073;0.140286
geco-2025-reference;Ukraine;2040;261.483;0.3008016;0.0691416;0.23166
geco-2025-reference;Ukraine;2050;297.862;1.0336316;0.1322616;0.90137
geco-2025-reference;Ukraine;2060;321.041;3.6916331;0.1814816;3.5101515
geco-2025-reference;Ukraine;2070;338.638;7.9597205;0.3646816;7.5950389
geco-2025-reference;United States;2030;5018.08;27.644769;26.6244;1.020369
geco-2025-reference;United States;2035;5656.62;59.335961;56.651928;2.684033
geco-2025-reference;United States;2040;6437.74;110.234037;104.601928;5.632109
geco-2025-reference;United States;2050;7064.45;214.388618;202.057928;12.33069
geco-2025-reference;United States;2060;7231.26;289.058336;259.257928;29.800408
geco-2025-reference;United States;2070;7382.67;397.996757;331.235928;66.760829
geco-2025-reference;Vietnam;2030;412.608;1.2256669;0.84975553083;0.37591136917
geco-2025-reference;Vietnam;2035;489.754;2.2135072;1.22234652409;0.99116067591
geco-2025-reference;Vietnam;2040;577.836;3.9582896;1.698628;2.2596616
geco-2025-reference;Vietnam;2050;697.026;12.4607894;3.8630102;8.5977792
geco-2025-reference;Vietnam;2060;796.65;33.6904088;7.8145712;25.8758376
geco-2025-reference;Vietnam;2070;855.943;58.132896;9.3688848;48.7640112
geco-2025-reference;South Africa;2030;245.869;0.125231786;0.0255107;0.099721086
geco-2025-reference;South Africa;2035;258.927;0.3546038;0.045248;0.3093558
geco-2025-reference;South Africa;2040;285.428;0.8780425;0.0764579999999;0.8015845
geco-2025-reference;South Africa;2050;368.229;3.9978096;0.223565;3.7742446
geco-2025-reference;South Africa;2060;477.195;13.3054407;0.6142047;12.691236
geco-2025-reference;South Africa;2070;578.359;30.6595447;1.362668;29.2968767
geco-2025-ndc-lts;World;2030;39279.4;228.4889;206.539;21.9499
geco-2025-ndc-lts;World;2035;47239.8;399.1767;353.743;45.4337
geco-2025-ndc-lts;World;2040;55821.1;618.5386;534.297;84.2416
geco-2025-ndc-lts;World;2050;71478.3;1055.7735;870.8323;184.9412
geco-2025-ndc-lts;World;2060;83975.4;1564.104;1201.6169;362.4871
geco-2025-ndc-lts;World;2070;94540.4;2364.302;1760.759;603.543
geco-2025-ndc-lts;European Union;2030;3032.62;79.59586;77.580279808;2.015580192
geco-2025-ndc-lts;European Union;2035;3517.79;116.59722;113.8022224;2.7949976
geco-2025-ndc-lts;European Union;2040;4181.32;141.52299;137.5225224;4.0004676
geco-2025-ndc-lts;European Union;2050;4849.84;133.41126;125.7298224;7.6814376
geco-2025-ndc-lts;European Union;2060;4963.75;171.5079;157.2438424;14.2640576
geco-2025-ndc-lts;European Union;2070;5027.26;210.4638;184.3187224;26.1450776
geco-2025-ndc-lts;EFTA;2030;227.874;4.98222316;4.897631;0.08459216
geco-2025-ndc-lts;EFTA;2035;241.144;4.48589665;4.342169;0.14372765
geco-2025-ndc-lts;EFTA;2040;261.836;5.1097189;4.846381;0.2633379
geco-2025-ndc-lts;EFTA;2050;306.201;4.8083363;3.9950836;0.8132527
geco-2025-ndc-lts;EFTA;2060;341.895;6.6923146;5.0718047;1.6205099
geco-2025-ndc-lts;EFTA;2070;371.612;10.041362;7.4463623;2.5949997
geco-2025-ndc-lts;Argentina;2030;316.51;0.201735396;0.16015;0.041585396
geco-2025-ndc-lts;Argentina;2035;330.029;0.6160599;0.5727512;0.0433087
geco-2025-ndc-lts;Argentina;2040;354.718;0.6743996;0.6483922;0.0260074
geco-2025-ndc-lts;Argentina;2050;421.144;2.0389189;2.0182948;0.0206241
geco-2025-ndc-lts;Argentina;2060;482.757;2.2519453;2.2106042;0.0413411
geco-2025-ndc-lts;Argentina;2070;520.322;18.087472;18.0600888;0.0273832
geco-2025-ndc-lts;Australia;2030;294.904;0.551911496;0.14524853377;0.40666296223
geco-2025-ndc-lts;Australia;2035;332.428;1.0900654;0.31455252784;0.77551287216
geco-2025-ndc-lts;Australia;2040;378.901;1.6598636;0.622848248;1.037015352
geco-2025-ndc-lts;Australia;2050;486.799;6.5632356;3.395709048;3.167526552
geco-2025-ndc-lts;Australia;2060;607.089;17.2999994;10.838869448;6.461129952
geco-2025-ndc-lts;Australia;2070;715.069;27.8003719376;19.050169448;8.7502024896
geco-2025-ndc-lts;Brazil;2030;829.349;0.753684296;0.2521374;0.501546896
geco-2025-ndc-lts;Brazil;2035;962.497;1.4967442;0.483323047;1.013421153
geco-2025-ndc-lts;Brazil;2040;1188.87;2.4958724;1.043219;1.4526534
geco-2025-ndc-lts;Brazil;2050;1728.83;7.2388274;4.842833;2.3959944
geco-2025-ndc-lts;Brazil;2060;2210.25;16.8815244;12.465951;4.4155734
geco-2025-ndc-lts;Brazil;2070;2476.78;30.9051544;22.749306134;8.155848266
geco-2025-ndc-lts;Canada;2030;770.959;0.710477696;0.238800224;0.471677472
geco-2025-ndc-lts;Canada;2035;902.69;1.0462864;0.4191092;0.6271772
geco-2025-ndc-lts;Canada;2040;1035.18;1.3681544;0.54428;0.8238744
geco-2025-ndc-lts;Canada;2050;1156.38;2.1480104;1.3374872;0.8105232
geco-2025-ndc-lts;Canada;2060;1240.32;4.3475017;3.25899;1.0885117
geco-2025-ndc-lts;Canada;2070;1299.54;9.0551072;7.61629;1.4388172
geco-2025-ndc-lts;Switzerland;2030;73.025;0.035053372;0.01054;0.024513372
geco-2025-ndc-lts;Switzerland;2035;82.4691;0.0500767136;0.014509;0.0355677136
geco-2025-ndc-lts;Switzerland;2040;96.9852;0.079947176;0.025551;0.054396176
geco-2025-ndc-lts;Switzerland;2050;119.627;0.184342176;0.0617312;0.122610976
geco-2025-ndc-lts;Switzerland;2060;130.006;0.36757133758;0.1865722;0.18099913758
geco-2025-ndc-lts;Switzerland;2070;137.531;0.686150276;0.4377419;0.248408376
geco-2025-ndc-lts;Chile;2030;106.027;1.049219976;0.89674977738;0.15247019862
geco-2025-ndc-lts;Chile;2035;133.218;1.24400336;1.03258500045;0.21141835955
geco-2025-ndc-lts;Chile;2040;159.346;3.1165312;2.821834;0.2946972
geco-2025-ndc-lts;Chile;2050;204.859;7.5971779;6.9075336;0.6896443
geco-2025-ndc-lts;Chile;2060;245.366;9.192452;7.6329536;1.5594984
geco-2025-ndc-lts;Chile;2070;277.244;15.582074;12.4476636;3.1344104
geco-2025-ndc-lts;China;2030;13179.5;15.3389866;7.3063;8.0326866
geco-2025-ndc-lts;China;2035;15929.2;30.4758879;13.7405;16.7353879
geco-2025-ndc-lts;China;2040;18000.5;49.1826909;17.77746;31.4052309
geco-2025-ndc-lts;China;2050;21876.6;108.1351253;42.252;65.8831253
geco-2025-ndc-lts;China;2060;24684.9;210.9148144;91.39812;119.5166944
geco-2025-ndc-lts;China;2070;26285.9;356.0928144;188.57234;167.5204744
geco-2025-ndc-lts;Egypt;2030;313.449;0.159167572;0.045686004;0.113481568
geco-2025-ndc-lts;Egypt;2035;439.606;0.3973308;0.1089496;0.2883812
geco-2025-ndc-lts;Egypt;2040;613.543;0.8269766;0.1893414;0.6376352
geco-2025-ndc-lts;Egypt;2050;1079.59;3.3612064;0.544128;2.8170784
geco-2025-ndc-lts;Egypt;2060;1530.12;10.3184619;1.205328;9.1131339
geco-2025-ndc-lts;Egypt;2070;1846.76;24.0852594;2.350228;21.7350314
geco-2025-ndc-lts;United Kingdom;2030;311.67;1.3951531;1.2258;0.1693531
geco-2025-ndc-lts;United Kingdom;2035;368.756;2.1131936;1.8111164;0.3020772
geco-2025-ndc-lts;United Kingdom;2040;495.374;2.059868296;1.645850224;0.414018072
geco-2025-ndc-lts;United Kingdom;2050;636.99;3.3138514;2.8265226;0.4873288
geco-2025-ndc-lts;United Kingdom;2060;647.709;4.3907664;3.7949708;0.5957956
geco-2025-ndc-lts;United Kingdom;2070;667.677;8.0974334;7.1723748;0.9250586
geco-2025-ndc-lts;Indonesia;2030;562.774;26.891687;26.5671588774;0.32452812262
geco-2025-ndc-lts;Indonesia;2035;767.822;53.7804379;53.0724858005;0.70795209955
geco-2025-ndc-lts;Indonesia;2040;1061.91;82.321474;80.120198248;2.201275752
geco-2025-ndc-lts;Indonesia;2050;1574.88;123.97921;121.848069448;2.131140552
geco-2025-ndc-lts;Indonesia;2060;1882.26;177.26312;173.489409248;3.773710752
geco-2025-ndc-lts;Indonesia;2070;2072.83;240.95474;233.562098248;7.392641752
geco-2025-ndc-lts;India;2030;2954.9;4.628853296;1.4438;3.185053296
geco-2025-ndc-lts;India;2035;3741.82;12.4984844;4.0899;8.4085844
geco-2025-ndc-lts;India;2040;4848.73;22.4114944;6.5603;15.8511944
geco-2025-ndc-lts;India;2050;7890.01;56.4942944;20.1159;36.3783944
geco-2025-ndc-lts;India;2060;11011.7;102.9956144;42.4134;60.5822144
geco-2025-ndc-lts;India;2070;13393.8;147.6589144;71.5772;76.0817144
geco-2025-ndc-lts;Iran;2030;744.494;0.116685296;0.0661720000001;0.0505132959999
geco-2025-ndc-lts;Iran;2035;928.934;0.2456103;0.1166568;0.1289535
geco-2025-ndc-lts;Iran;2040;997.797;0.409288;0.1561568;0.2531312
geco-2025-ndc-lts;Iran;2050;1057.17;1.1111094;0.2496568;0.8614526
geco-2025-ndc-lts;Iran;2060;1153.35;3.4501032;0.4531568;2.9969464
geco-2025-ndc-lts;Iran;2070;1254.31;9.5461817;0.9515568;8.5946249
geco-2025-ndc-lts;Iceland;2030;22.389;4.88266052;4.86917359941;0.01348692059
geco-2025-ndc-lts;Iceland;2035;24.785;4.32195906;4.30028012546;0.02167893454
geco-2025-ndc-lts;Iceland;2040;27.5443;4.8057547;4.764239348;0.041515352
geco-2025-ndc-lts;Iceland;2050;32.533;3.86939002;3.734342448;0.135047572
geco-2025-ndc-lts;Iceland;2060;36.2418;4.5603138;4.330921548;0.229392252
geco-2025-ndc-lts;Iceland;2070;40.7268;6.11548107;5.766243448;0.349237622
geco-2025-ndc-lts;Japan;2030;1080.76;8.481394;7.82511;0.656284
geco-2025-ndc-lts;Japan;2035;1241.14;15.049706;14.01095;1.038756
geco-2025-ndc-lts;Japan;2040;1400.98;18.66461;17.2703;1.39431
geco-2025-ndc-lts;Japan;2050;1263.91;23.16846;21.954367;1.214093
geco-2025-ndc-lts;Japan;2060;1122.77;36.895023;34.0885136;2.8065094
geco-2025-ndc-lts;Japan;2070;1096.72;82.771491;78.1937136;4.5777774
geco-2025-ndc-lts;South Korea;2030;776.83;1.097049296;0.74476;0.352289296
geco-2025-ndc-lts;South Korea;2035;870.647;2.0509204;1.44575;0.6051704
geco-2025-ndc-lts;South Korea;2040;928.401;2.2287914;1.422902;0.8058894
geco-2025-ndc-lts;South Korea;2050;972.27;4.4959144;3.435371;1.0605434
geco-2025-ndc-lts;South Korea;2060;883.889;7.3258344;6.09126;1.2345744
geco-2025-ndc-lts;South Korea;2070;900.024;13.0387844;11.598246;1.4405384
geco-2025-ndc-lts;Mediterranean Middle-East;2030;138.238;0.057319772;0.02501833141;0.03230144059
geco-2025-ndc-lts;Mediterranean Middle-East;2035;166.118;0.13813976;0.06727732546;0.07086243454
geco-2025-ndc-lts;Mediterranean Middle-East;2040;197.278;0.2624656;0.137647;0.1248186
geco-2025-ndc-lts;Mediterranean Middle-East;2050;263.936;0.5692617;0.308988;0.2602737
geco-2025-ndc-lts;Mediterranean Middle-East;2060;320.043;1.0031735;0.533688;0.4694855
geco-2025-ndc-lts;Mediterranean Middle-East;2070;385.218;2.235142;1.036018;1.199124
geco-2025-ndc-lts;Mexico;2030;420.641;5.354009598;5.222575;0.131434598
geco-2025-ndc-lts;Mexico;2035;534.13;16.5397869;16.21841;0.3213769
geco-2025-ndc-lts;Mexico;2040;698.899;33.310976;32.69678;0.614196
geco-2025-ndc-lts;Mexico;2050;1002.16;54.090916;52.82187;1.269046
geco-2025-ndc-lts;Mexico;2060;1224.23;67.202467;65.25498;1.947487
geco-2025-ndc-lts;Mexico;2070;1411.28;90.00594;86.999398248;3.006541752
geco-2025-ndc-lts;Malaysia;2030;260.309;0.484232396;0.18472053259;0.29951186341
geco-2025-ndc-lts;Malaysia;2035;317.671;1.1234924;0.49275652665;0.63073587335
geco-2025-ndc-lts;Malaysia;2040;368.3;2.0154224;0.907545248;1.107877152
geco-2025-ndc-lts;Malaysia;2050;490.694;5.3458739097;1.950753448;3.3951204617
geco-2025-ndc-lts;Malaysia;2060;535.378;11.8447702441;3.076730448;8.7680397961
geco-2025-ndc-lts;Malaysia;2070;559.613;22.6771980495;4.852148748;17.8250493015
geco-2025-ndc-lts;Morocco and Tunisia;2030;78.1116;0.049130976;0.01820753141;0.03092344459
geco-2025-ndc-lts;Morocco and Tunisia;2035;101.702;0.1247456;0.04451752546;0.08022807454
geco-2025-ndc-lts;Morocco and Tunisia;2040;139.568;0.2845456;0.126559;0.1579866
geco-2025-ndc-lts;Morocco and Tunisia;2050;226.241;0.7995577;0.4005412;0.3990165
geco-2025-ndc-lts;Morocco and Tunisia;2060;304.054;1.5350154;0.852385;0.6826304
geco-2025-ndc-lts;Morocco and Tunisia;2070;383.849;2.7625554;1.695604;1.0669514
geco-2025-ndc-lts;Algeria and Libya;2030;221.471;0.106090196;0.06248753141;0.04360266459
geco-2025-ndc-lts;Algeria and Libya;2035;275.27;0.1643132;0.12091069256;0.04340250744
geco-2025-ndc-lts;Algeria and Libya;2040;323.891;0.2372759;0.1796922;0.0575837
geco-2025-ndc-lts;Algeria and Libya;2050;430.271;0.5704474;0.449228;0.1212194
geco-2025-ndc-lts;Algeria and Libya;2060;520.121;2.0259683;1.736137;0.2898313
geco-2025-ndc-lts;Algeria and Libya;2070;626.575;6.2743644;5.676977;0.5973874
geco-2025-ndc-lts;Norway;2030;132.46;0.064505772;0.01744347659;0.04706229541
geco-2025-ndc-lts;Norway;2035;133.89;0.113859976;0.02736132665;0.08649864935
geco-2025-ndc-lts;Norway;2040;137.307;0.224016;0.057284948;0.166731052
geco-2025-ndc-lts;Norway;2050;154.042;0.7546028;0.199106448;0.555496352
geco-2025-ndc-lts;Norway;2060;175.646;1.7644323;0.552799748;1.211632552
geco-2025-ndc-lts;Norway;2070;193.355;3.2397265;1.243780448;1.995946052
geco-2025-ndc-lts;New Zealand;2030;44.7753;8.725296476;8.71311703259;0.01217944341
geco-2025-ndc-lts;New Zealand;2035;50.448;8.6435788782;8.61979472665;0.02378415155
geco-2025-ndc-lts;New Zealand;2040;56.6662;8.29037454;8.2468463;0.04352824
geco-2025-ndc-lts;New Zealand;2050;66.258;5.886436;5.7696242;0.1168118
geco-2025-ndc-lts;New Zealand;2060;73.1236;4.7413078;4.4553112;0.2859966
geco-2025-ndc-lts;New Zealand;2070;80.8188;4.908051;4.3702812;0.5377698
geco-2025-ndc-lts;Rest of Central America;2030;166.079;4.138016736;4.03482153141;0.10319520459
geco-2025-ndc-lts;Rest of Central America;2035;204.547;4.21039203;4.03760852546;0.17278350454
geco-2025-ndc-lts;Rest of Central America;2040;262.727;5.675961;5.382238248;0.293722752
geco-2025-ndc-lts;Rest of Central America;2050;384.691;12.4408529;11.861019348;0.579833552
geco-2025-ndc-lts;Rest of Central America;2060;498.64;14.7018543;13.774492248;0.927362052
geco-2025-ndc-lts;Rest of Central America;2070;600.663;24.0476225;22.760295888;1.287326612
geco-2025-ndc-lts;Rest of Balkans;2030;99.0921;0.057388386;0.02417153141;0.03321685459
geco-2025-ndc-lts;Rest of Balkans;2035;119.582;0.0942782;0.03667652546;0.05760167454
geco-2025-ndc-lts;Rest of Balkans;2040;140.686;0.1583348;0.055057;0.1032778
geco-2025-ndc-lts;Rest of Balkans;2050;160.85;0.4454737;0.089086;0.3563877
geco-2025-ndc-lts;Rest of Balkans;2060;158.163;1.1389955;0.1408;0.9981955
geco-2025-ndc-lts;Rest of Balkans;2070;158.453;2.00855937;0.19353;1.81502937
geco-2025-ndc-lts;Rest of CIS;2030;732.568;0.423368172;0.13289;0.290478172
geco-2025-ndc-lts;Rest of CIS;2035;867.155;0.6289403136;0.19787;0.4310703136
geco-2025-ndc-lts;Rest of CIS;2040;969.888;0.781649276;0.281484822;0.500164454
geco-2025-ndc-lts;Rest of CIS;2050;1140.85;1.576597276;0.6493612;0.927236076
geco-2025-ndc-lts;Rest of CIS;2060;1296.06;4.57986533758;2.3138712;2.26599413758
geco-2025-ndc-lts;Rest of CIS;2070;1471.89;9.882395276;5.571204;4.311191276
geco-2025-ndc-lts;Rest of Persian Gulf;2030;749.088;0.576391496;0.217417;0.358974496
geco-2025-ndc-lts;Rest of Persian Gulf;2035;971.483;1.3398534;0.74656;0.5932934
geco-2025-ndc-lts;Rest of Persian Gulf;2040;1278.23;2.2517134;1.38479;0.8669234
geco-2025-ndc-lts;Rest of Persian Gulf;2050;1888.93;6.2109344;4.60566;1.6052744
geco-2025-ndc-lts;Rest of Persian Gulf;2060;2371.99;19.6249514;16.76272;2.8622314
geco-2025-ndc-lts;Rest of Persian Gulf;2070;2842.77;56.3650634;51.60528;4.7597834
geco-2025-ndc-lts;Rest of Pacific;2030;13.7451;0.522331873;0.50972053141;0.01261134159
geco-2025-ndc-lts;Rest of Pacific;2035;20.0867;1.5681227;1.53598952546;0.03213317454
geco-2025-ndc-lts;Rest of Pacific;2040;19.3686;1.43983438;1.376966048;0.062868332
geco-2025-ndc-lts;Rest of Pacific;2050;35.81;2.60590045;2.423117248;0.182783202
geco-2025-ndc-lts;Rest of Pacific;2060;63.7036;4.01382785;3.621665248;0.392162602
geco-2025-ndc-lts;Rest of Pacific;2070;89.109;4.6084888;3.905262748;0.703226052
geco-2025-ndc-lts;Rest of Sub-Saharan Africa;2030;557.052;8.1966766;7.72548853141;0.47118806859
geco-2025-ndc-lts;Rest of Sub-Saharan Africa;2035;848.124;20.0223407;18.6680285255;1.35431217454
geco-2025-ndc-lts;Rest of Sub-Saharan Africa;2040;1230.5;41.696824;38.396578248;3.300245752
geco-2025-ndc-lts;Rest of Sub-Saharan Africa;2050;2312.62;84.758671;70.314548248;14.444122752
geco-2025-ndc-lts;Rest of Sub-Saharan Africa;2060;3771.32;128.521649;87.526598248;40.995050752
geco-2025-ndc-lts;Rest of Sub-Saharan Africa;2070;5593.42;209.992228;111.427063248;98.565164752
geco-2025-ndc-lts;Rest of South America;2030;449.984;0.374967401;0.11860653141;0.25636086959
geco-2025-ndc-lts;Rest of South America;2035;558.86;0.74341226;0.24430952546;0.49910273454
geco-2025-ndc-lts;Rest of South America;2040;701.001;1.4701777;0.482003;0.9881747
geco-2025-ndc-lts;Rest of South America;2050;978.285;3.0835346;0.949528;2.1340066
geco-2025-ndc-lts;Rest of South America;2060;1191.38;4.7335583;1.558998;3.1745603
geco-2025-ndc-lts;Rest of South America;2070;1362.3;7.2957474;2.92525;4.3704974
geco-2025-ndc-lts;Rest of South Asia;2030;371.713;0.165566286;0.050094;0.115472286
geco-2025-ndc-lts;Rest of South Asia;2035;514.578;0.14456701;0.0453414999999;0.0992255100001
geco-2025-ndc-lts;Rest of South Asia;2040;693.779;0.2831929;0.074191;0.2090019
geco-2025-ndc-lts;Rest of South Asia;2050;1180.31;1.8822687;0.3236505802;1.5586181198
geco-2025-ndc-lts;Rest of South Asia;2060;1909.53;8.0372724;0.9705512;7.0667212
geco-2025-ndc-lts;Rest of South Asia;2070;2825.85;12.9398284;1.4992512;11.4405772
geco-2025-ndc-lts;Rest of South-East Asia;2030;724.1;8.9948882;8.38899;0.6058982
geco-2025-ndc-lts;Rest of South-East Asia;2035;895.42;15.3620672;14.21251;1.1495572
geco-2025-ndc-lts;Rest of South-East Asia;2040;1127.92;34.182529;32.202;1.980529
geco-2025-ndc-lts;Rest of South-East Asia;2050;1501.98;68.572291;63.93769;4.634601
geco-2025-ndc-lts;Rest of South-East Asia;2060;1812.95;79.691679;69.76549;9.926189
geco-2025-ndc-lts;Rest of South-East Asia;2070;2099.91;109.537404;91.8565;17.680904
geco-2025-ndc-lts;Russian Federation;2030;1742.33;3.377;2.961755;0.415245
geco-2025-ndc-lts;Russian Federation;2035;1993.38;5.3588183;4.608628;0.7501903
geco-2025-ndc-lts;Russian Federation;2040;2442.19;6.896023;5.10863586;1.78738714
geco-2025-ndc-lts;Russian Federation;2050;3266.24;9.782712;6.4795712;3.3031408
geco-2025-ndc-lts;Russian Federation;2060;3448.28;13.48907;7.3713712;6.1176988
geco-2025-ndc-lts;Russian Federation;2070;3748.16;18.225505;8.91064;9.314865
geco-2025-ndc-lts;Saudi Arabia;2030;425.977;0.044289598;0.0166691323799;0.0276204656201
geco-2025-ndc-lts;Saudi Arabia;2035;452.638;0.15871184;0.03469445608;0.12401738392
geco-2025-ndc-lts;Saudi Arabia;2040;490.548;0.420486;0.05851859025;0.36196740975
geco-2025-ndc-lts;Saudi Arabia;2050;609.759;2.1784692;0.52448890394;1.65398029606
geco-2025-ndc-lts;Saudi Arabia;2060;696.774;3.1719291;1.50275918573;1.66916991427
geco-2025-ndc-lts;Saudi Arabia;2070;714.863;17.5068044;15.9708372136;1.53596718642
geco-2025-ndc-lts;Thailand;2030;218.535;0.123090872;0.03785173259;0.08523913941
geco-2025-ndc-lts;Thailand;2035;283.368;0.17137235;0.05889262895;0.11247972105
geco-2025-ndc-lts;Thailand;2040;364.54;0.6830784;0.349601748;0.333476652
geco-2025-ndc-lts;Thailand;2050;499.116;1.7160054;0.9157386507;0.8002667493
geco-2025-ndc-lts;Thailand;2060;563.461;2.7170834;1.482890248;1.234193152
geco-2025-ndc-lts;Thailand;2070;597.298;4.5663098041;2.505534248;2.0607755561
geco-2025-ndc-lts;Türkiye;2030;494.234;11.8697941;11.52386;0.3459341
geco-2025-ndc-lts;Türkiye;2035;711.087;18.1261681;17.2152674;0.9109007
geco-2025-ndc-lts;Türkiye;2040;824.748;27.974337;25.923892;2.050445
geco-2025-ndc-lts;Türkiye;2050;1035.76;74.676584;70.189366;4.487218
geco-2025-ndc-lts;Türkiye;2060;1179.55;87.184659;81.24954;5.935119
geco-2025-ndc-lts;Türkiye;2070;1266.17;97.7167114;90.159063;7.5576484
geco-2025-ndc-lts;Ukraine;2030;194.068;0.121029766;0.022928;0.098101766
geco-2025-ndc-lts;Ukraine;2035;230.114;0.3006343;0.1505926;0.1500417
geco-2025-ndc-lts;Ukraine;2040;267.192;0.3281348;0.1873406;0.1407942
geco-2025-ndc-lts;Ukraine;2050;297.769;0.3312265;0.252902643;0.078323857
geco-2025-ndc-lts;Ukraine;2060;317.501;0.8939795;0.8008286;0.0931509
geco-2025-ndc-lts;Ukraine;2070;327.917;2.6825698;2.5114539;0.1711159
geco-2025-ndc-lts;United States;2030;5019.54;27.414539;26.3881;1.026439
geco-2025-ndc-lts;United States;2035;5663.98;58.133594;55.434928;2.698666
geco-2025-ndc-lts;United States;2040;6454.4;110.140432;104.502928;5.637504
geco-2025-ndc-lts;United States;2050;7116.87;218.202687;205.834928;12.367759
geco-2025-ndc-lts;United States;2060;7316.15;292.946837;263.336928;29.609909
geco-2025-ndc-lts;United States;2070;7532.96;402.298909;336.482928;65.815981
geco-2025-ndc-lts;Vietnam;2030;412.818;1.217429;0.84519353083;0.37223546917
geco-2025-ndc-lts;Vietnam;2035;491.901;2.4275833;1.44583652412;0.98174677588
geco-2025-ndc-lts;Vietnam;2040;578.223;4.7215013;2.4376712;2.2838301
geco-2025-ndc-lts;Vietnam;2050;744.268;9.650477;6.2209812;3.4294958
geco-2025-ndc-lts;Vietnam;2060;924.243;22.532103;16.9629;5.569203
geco-2025-ndc-lts;Vietnam;2070;1046.69;38.381294;30.9169036;7.4643904
geco-2025-ndc-lts;South Africa;2030;242.392;0.141898096;0.030374;0.111524096
geco-2025-ndc-lts;South Africa;2035;260.408;0.4638947;0.1768812;0.2870135
geco-2025-ndc-lts;South Africa;2040;283.059;0.9802854;0.541616;0.4386694
geco-2025-ndc-lts;South Africa;2050;339.205;2.5325044;2.0956255;0.4368789
geco-2025-ndc-lts;South Africa;2060;470.658;6.0447004;4.9317365;1.1129639
geco-2025-ndc-lts;South Africa;2070;608.812;13.2024254;11.31275893;1.88966647
geco-2025-1.5c;World;2030;37273.7;306.4536;283.707;22.7466
geco-2025-1.5c;World;2035;45491.4;566.9766;530.966;36.0106
geco-2025-1.5c;World;2040;54401.9;780.2601;730.381;49.8791
geco-2025-1.5c;World;2050;70391.4;1459.3867;1373.55;85.8367
geco-2025-1.5c;World;2060;83110;2499.766;2355.459;144.307
geco-2025-1.5c;World;2070;95811.4;3246.173;3033.532;212.641
geco-2025-1.5c;European Union;2030;3035.66;80.0763;78.060279808;2.016020192
geco-2025-1.5c;European Union;2035;3513.86;119.29028;116.4962224;2.7940576
geco-2025-1.5c;European Union;2040;4272.85;123.38909;119.5246224;3.8644676
geco-2025-1.5c;European Union;2050;4976.68;124.37095;119.3709824;4.9999676
geco-2025-1.5c;European Union;2060;5081.61;133.78566;126.0284524;7.7572076
geco-2025-1.5c;European Union;2070;5167.86;143.4774;130.6605524;12.8168476
geco-2025-1.5c;EFTA;2030;226.06;5.0518374;4.976491;0.0753464
geco-2025-1.5c;EFTA;2035;236.641;4.65220956;4.54066;0.11154956
geco-2025-1.5c;EFTA;2040;259.098;5.53181327;5.321901;0.20991227
geco-2025-1.5c;EFTA;2050;303.886;5.9012282;5.588257;0.3129712
geco-2025-1.5c;EFTA;2060;329.666;8.02552;7.5844383;0.4410817
geco-2025-1.5c;EFTA;2070;357.862;11.531002;10.9654581;0.5655439
geco-2025-1.5c;Argentina;2030;287.871;0.186966296;0.1519;0.035066296
geco-2025-1.5c;Argentina;2035;351.805;0.488691;0.4470012;0.0416898
geco-2025-1.5c;Argentina;2040;396.452;0.5218501;0.4745012;0.0473489
geco-2025-1.5c;Argentina;2050;470.699;0.7825009;0.7116112;0.0708897
geco-2025-1.5c;Argentina;2060;546.747;1.2408094;1.1353612;0.1054482
geco-2025-1.5c;Argentina;2070;589.641;2.5346534;2.3117282;0.2229252
geco-2025-1.5c;Australia;2030;276.827;0.502140996;0.12957853377;0.37256246223
geco-2025-1.5c;Australia;2035;314.555;0.9257971;0.28554152784;0.64025557216
geco-2025-1.5c;Australia;2040;350.628;1.7896087;0.847438548;0.942170152
geco-2025-1.5c;Australia;2050;422.667;9.2959144;6.767841248;2.528073152
geco-2025-1.5c;Australia;2060;542.682;32.0449944;26.533969448;5.511024952
geco-2025-1.5c;Australia;2070;674.136;47.0036345189;39.723169448;7.2804650709
geco-2025-1.5c;Brazil;2030;820.876;0.791456296;0.324813899;0.466642397
geco-2025-1.5c;Brazil;2035;1027.73;1.3758164;0.7936256;0.5821908
geco-2025-1.5c;Brazil;2040;1337.03;3.7762524;3.06752906;0.70872334
geco-2025-1.5c;Brazil;2050;1991.49;24.1514244;23.0942412;1.0571832
geco-2025-1.5c;Brazil;2060;2476.33;45.1557444;42.6639712;2.4917732
geco-2025-1.5c;Brazil;2070;2715.6;72.2371244;67.5505712;4.6865532
geco-2025-1.5c;Canada;2030;778.126;0.683879296;0.276614;0.407265296
geco-2025-1.5c;Canada;2035;909.098;1.1860614;0.6200522;0.5660092
geco-2025-1.5c;Canada;2040;1041.93;1.5391794;0.84994;0.6892394
geco-2025-1.5c;Canada;2050;1165.3;2.6317674;1.7686282;0.8631392
geco-2025-1.5c;Canada;2060;1258.99;6.6801358;5.53623;1.1439058
geco-2025-1.5c;Canada;2070;1331.55;16.2304191;14.36153;1.8688891
geco-2025-1.5c;Switzerland;2030;73.2347;0.034453072;0.010926;0.023527072
geco-2025-1.5c;Switzerland;2035;82.6456;0.0531902136;0.018229;0.0349612136
geco-2025-1.5c;Switzerland;2040;97.3197;0.089216576;0.035819;0.053397576
geco-2025-1.5c;Switzerland;2050;118.59;0.210745576;0.1329112;0.077834376
geco-2025-1.5c;Switzerland;2060;127.572;0.46380263758;0.3670212;0.09678143758
geco-2025-1.5c;Switzerland;2070;138.172;0.842474276;0.7106657;0.131808576
geco-2025-1.5c;Chile;2030;110.031;1.079152696;0.90999887738;0.16915381862
geco-2025-1.5c;Chile;2035;138.061;1.30792997;1.10789880045;0.20003116955
geco-2025-1.5c;Chile;2040;164.876;2.8979959;2.658737;0.2392589
geco-2025-1.5c;Chile;2050;213.243;8.097995;7.600289;0.497706
geco-2025-1.5c;Chile;2060;251.858;11.978573;10.8426236;1.1359494
geco-2025-1.5c;Chile;2070;280.434;19.582158;17.2281036;2.3540544
geco-2025-1.5c;China;2030;12020.5;17.653868;8.75762;8.896248
geco-2025-1.5c;China;2035;14072.1;49.5002789;34.5248;14.9754789
geco-2025-1.5c;China;2040;16011.8;81.5770909;60.6999712;20.8771197
geco-2025-1.5c;China;2050;19295.2;157.8657853;122.69607;35.1697153
geco-2025-1.5c;China;2060;22421.2;360.3604144;296.82824;63.5321744
geco-2025-1.5c;China;2070;25596.5;760.6040144;669.21466;91.3893544
geco-2025-1.5c;Egypt;2030;300.326;0.164473772;0.049040224;0.115433548
geco-2025-1.5c;Egypt;2035;444.476;0.3169859;0.1405112;0.1764747
geco-2025-1.5c;Egypt;2040;634.129;0.7107624;0.4333612;0.2774012
geco-2025-1.5c;Egypt;2050;1093.28;2.9008464;2.3730712;0.5277752
geco-2025-1.5c;Egypt;2060;1545.7;10.4947524;9.65827;0.8364824
geco-2025-1.5c;Egypt;2070;1830.19;23.8606844;21.84025;2.0204344
geco-2025-1.5c;United Kingdom;2030;318.91;1.795791;1.61192;0.183871
geco-2025-1.5c;United Kingdom;2035;386.178;2.7184966;2.4633064;0.2551902
geco-2025-1.5c;United Kingdom;2040;508.662;2.362970296;2.016630224;0.346340072
geco-2025-1.5c;United Kingdom;2050;627.552;3.6083014;3.0384948;0.5698066
geco-2025-1.5c;United Kingdom;2060;645.751;5.0418534;4.1753048;0.8665486
geco-2025-1.5c;United Kingdom;2070;663.315;9.3170714;7.7965748;1.5204966
geco-2025-1.5c;Indonesia;2030;522.373;51.8119586;51.4308988774;0.38105972262
geco-2025-1.5c;Indonesia;2035;773.958;58.385876;57.6691988004;0.71667719955
geco-2025-1.5c;Indonesia;2040;1051.99;77.44395;76.423688248;1.020261752
geco-2025-1.5c;Indonesia;2050;1578.26;121.14341;118.961169448;2.182240552
geco-2025-1.5c;Indonesia;2060;1894.1;185.86776;181.850818248;4.016941752
geco-2025-1.5c;Indonesia;2070;2178.83;238.04722;231.252628248;6.794591752
geco-2025-1.5c;India;2030;2752.44;5.305713296;2.4044;2.901313296
geco-2025-1.5c;India;2035;3558.7;20.4556644;16.2831;4.1725644
geco-2025-1.5c;India;2040;4773.6;27.5205244;21.7495;5.7710244
geco-2025-1.5c;India;2050;7985.6;279.6841144;267.1577;12.5264144
geco-2025-1.5c;India;2060;11057;672.2049144;651.1703;21.0346144
geco-2025-1.5c;India;2070;13726.3;609.1708144;580.2227;28.9481144
geco-2025-1.5c;Iran;2030;761.334;0.658697896;0.53527;0.123427896
geco-2025-1.5c;Iran;2035;1146.52;8.736564;8.5814;0.155164
geco-2025-1.5c;Iran;2040;1217.47;10.9992134;10.824069782;0.175143618
geco-2025-1.5c;Iran;2050;1310.34;11.9342964;11.6802112;0.2540852
geco-2025-1.5c;Iran;2060;1441.62;6.7367934;6.31537;0.4214234
geco-2025-1.5c;Iran;2070;1586.85;13.4243954;12.66199;0.7624054
geco-2025-1.5c;Iceland;2030;22.4991;4.96430152;4.95097114941;0.01333037059
geco-2025-1.5c;Iceland;2035;25.1179;4.52426507;4.50314702546;0.02111804454
geco-2025-1.5c;Iceland;2040;28.169;5.27110697;5.235484048;0.035622922
geco-2025-1.5c;Iceland;2050;33.5557;5.24384166;5.181591248;0.062250412
geco-2025-1.5c;Iceland;2060;37.5648;6.5615462;6.471633148;0.089913052
geco-2025-1.5c;Iceland;2070;42.3133;8.6882278;8.570641648;0.117586152
geco-2025-1.5c;Japan;2030;1063.07;9.084378;8.41198;0.672398
geco-2025-1.5c;Japan;2035;1222.86;15.391229;14.41471;0.976519
geco-2025-1.5c;Japan;2040;1358.31;18.330279;17.1801;1.150179
geco-2025-1.5c;Japan;2050;1458.94;20.86801;19.127;1.74101
geco-2025-1.5c;Japan;2060;1509.9;35.62819;32.7431136;2.8850764
geco-2025-1.5c;Japan;2070;1473.25;58.63726;54.5336136;4.1036464
geco-2025-1.5c;South Korea;2030;767.485;1.185562296;0.81576;0.369802296
geco-2025-1.5c;South Korea;2035;865.653;2.1525434;1.59504;0.5575034
geco-2025-1.5c;South Korea;2040;909.454;2.3956164;1.742719;0.6528974
geco-2025-1.5c;South Korea;2050;945.102;3.7046124;2.75052;0.9540924
geco-2025-1.5c;South Korea;2060;896.753;7.4980544;6.2184;1.2796544
geco-2025-1.5c;South Korea;2070;889.529;15.0070244;13.020512;1.9865124
geco-2025-1.5c;Mediterranean Middle-East;2030;128.993;0.056567636;0.03031153141;0.02625610459
geco-2025-1.5c;Mediterranean Middle-East;2035;151.272;0.1756579;0.12076952546;0.05488837454
geco-2025-1.5c;Mediterranean Middle-East;2040;179.034;0.3606833;0.27854;0.0821433
geco-2025-1.5c;Mediterranean Middle-East;2050;236.735;0.7435124;0.62161;0.1219024
geco-2025-1.5c;Mediterranean Middle-East;2060;287.579;1.5987014;1.45759;0.1411114
geco-2025-1.5c;Mediterranean Middle-East;2070;352.336;4.8272184;4.57436;0.2528584
geco-2025-1.5c;Mexico;2030;415.18;5.56290076;5.41715;0.14575076
geco-2025-1.5c;Mexico;2035;532.521;15.56698;15.24269;0.32429
geco-2025-1.5c;Mexico;2040;704.593;29.226853;28.68849;0.538363
geco-2025-1.5c;Mexico;2050;990.838;54.984223;54.11882;0.865403
geco-2025-1.5c;Mexico;2060;1177.3;71.2403;70.10908;1.13122
geco-2025-1.5c;Mexico;2070;1399.44;95.448853;93.744998248;1.703854752
geco-2025-1.5c;Malaysia;2030;231.211;1.433992296;1.10326453259;0.33072776341
geco-2025-1.5c;Malaysia;2035;272.538;6.1749394;5.63265752665;0.54228187335
geco-2025-1.5c;Malaysia;2040;318.421;10.2654484;9.514976248;0.750472152
geco-2025-1.5c;Malaysia;2050;418.893;27.1158844299;25.478539108;1.6373453219
geco-2025-1.5c;Malaysia;2060;480.64;34.7927047239;31.794026448;2.9986782759
geco-2025-1.5c;Malaysia;2070;520.795;31.9752946521;27.648344748;4.3269499041
geco-2025-1.5c;Morocco and Tunisia;2030;77.2816;0.051519606;0.02500353141;0.02651607459
geco-2025-1.5c;Morocco and Tunisia;2035;102.833;0.1040677;0.04361152546;0.06045617454
geco-2025-1.5c;Morocco and Tunisia;2040;137.316;0.3173207;0.18498;0.1323407
geco-2025-1.5c;Morocco and Tunisia;2050;219.661;1.1554334;0.874193;0.2812404
geco-2025-1.5c;Morocco and Tunisia;2060;298.965;2.4614664;2.118811;0.3426554
geco-2025-1.5c;Morocco and Tunisia;2070;391.614;4.4063104;3.938704;0.4676064
geco-2025-1.5c;Algeria and Libya;2030;227.889;0.097805396;0.05653253141;0.04127286459
geco-2025-1.5c;Algeria and Libya;2035;299.686;0.1727669;0.13330252546;0.03946437454
geco-2025-1.5c;Algeria and Libya;2040;356.935;0.2413069;0.1945868;0.0467201
geco-2025-1.5c;Algeria and Libya;2050;450.702;0.525719;0.438122;0.087597
geco-2025-1.5c;Algeria and Libya;2060;525.957;1.5794669;1.399092;0.1803749
geco-2025-1.5c;Algeria and Libya;2070;638.918;4.7340254;4.35735;0.3766754
geco-2025-1.5c;Norway;2030;130.327;0.053079372;0.01520347659;0.03787589541
geco-2025-1.5c;Norway;2035;128.877;0.074753476;0.01892132665;0.05583214935
geco-2025-1.5c;Norway;2040;133.609;0.17148962;0.0507577333;0.1207318867
geco-2025-1.5c;Norway;2050;151.74;0.4466403;0.273543048;0.173097252
geco-2025-1.5c;Norway;2060;164.529;1.0001676;0.746379048;0.253788552
geco-2025-1.5c;Norway;2070;177.377;2.0003004;1.684322648;0.315977752
geco-2025-1.5c;New Zealand;2030;46.1737;8.716847276;8.70532553259;0.01152174341
geco-2025-1.5c;New Zealand;2035;54.4669;9.175000041;9.15701553665;0.01798450435
geco-2025-1.5c;New Zealand;2040;64.422;8.01043877;7.984193;0.02624577
geco-2025-1.5c;New Zealand;2050;73.8777;4.616763;4.5771102;0.0396528
geco-2025-1.5c;New Zealand;2060;81.8446;3.898926;3.8334002;0.0655258
geco-2025-1.5c;New Zealand;2070;89.0896;4.7832;4.6849982;0.0982018
geco-2025-1.5c;Rest of Central America;2030;160.58;3.912559976;3.81124853141;0.10131144459
geco-2025-1.5c;Rest of Central America;2035;209.054;10.1067066;9.97278852546;0.13391807454
geco-2025-1.5c;Rest of Central America;2040;286.457;21.6040975;21.439778248;0.164319252
geco-2025-1.5c;Rest of Central America;2050;430.709;34.0814099;33.863758248;0.217651652
geco-2025-1.5c;Rest of Central America;2060;526.041;37.0818156;36.821068248;0.260747352
geco-2025-1.5c;Rest of Central America;2070;619.514;44.9627635;44.479808248;0.482955252
geco-2025-1.5c;Rest of Balkans;2030;87.6945;0.074143596;0.04205253141;0.03209106459
geco-2025-1.5c;Rest of Balkans;2035;103.571;0.115246;0.07142552546;0.04382047454
geco-2025-1.5c;Rest of Balkans;2040;122.998;0.1693602;0.117183;0.0521772
geco-2025-1.5c;Rest of Balkans;2050;150.872;0.5181;0.4356612;0.0824388
geco-2025-1.5c;Rest of Balkans;2060;156.571;1.2617654;1.1321972;0.1295682
geco-2025-1.5c;Rest of Balkans;2070;159.841;1.7017054;1.535729;0.1659764
geco-2025-1.5c;Rest of CIS;2030;710.51;0.402861172;0.12;0.282861172
geco-2025-1.5c;Rest of CIS;2035;840.626;0.4942133136;0.1713;0.3229133136
geco-2025-1.5c;Rest of CIS;2040;942.735;0.612125276;0.295;0.317125276
geco-2025-1.5c;Rest of CIS;2050;1081.8;1.505512276;1.0899712;0.415541076
geco-2025-1.5c;Rest of CIS;2060;1210.34;5.83358133758;5.1233;0.71028133758
geco-2025-1.5c;Rest of CIS;2070;1415.74;14.866915276;13.7571;1.109815276
geco-2025-1.5c;Rest of Persian Gulf;2030;752.353;0.494071696;0.189389;0.304682696
geco-2025-1.5c;Rest of Persian Gulf;2035;1009.22;1.3034854;0.70173;0.6017554
geco-2025-1.5c;Rest of Persian Gulf;2040;1295.57;1.9876464;1.11452;0.8731264
geco-2025-1.5c;Rest of Persian Gulf;2050;1879.99;5.5681494;4.12196;1.4461894
geco-2025-1.5c;Rest of Persian Gulf;2060;2359.77;16.3430324;14.10544;2.2375924
geco-2025-1.5c;Rest of Persian Gulf;2070;2938.68;42.6773334;38.61239;4.0649434
geco-2025-1.5c;Rest of Pacific;2030;13.529;0.70514748;0.69279292141;0.01235455859
geco-2025-1.5c;Rest of Pacific;2035;20.4163;1.9591956;1.93220952546;0.02698607454
geco-2025-1.5c;Rest of Pacific;2040;24.8333;2.2977282;2.256347248;0.041380952
geco-2025-1.5c;Rest of Pacific;2050;46.913;3.0555263;2.973069448;0.082456852
geco-2025-1.5c;Rest of Pacific;2060;69.6149;4.233506;4.118709448;0.114796552
geco-2025-1.5c;Rest of Pacific;2070;94.5327;5.006014;4.863140848;0.142873152
geco-2025-1.5c;Rest of Sub-Saharan Africa;2030;580.103;9.7796005;9.33379853141;0.44580196859
geco-2025-1.5c;Rest of Sub-Saharan Africa;2035;921.928;22.6725463;21.9343985255;0.73814777454
geco-2025-1.5c;Rest of Sub-Saharan Africa;2040;1520.47;37.343664;36.233048248;1.110615752
geco-2025-1.5c;Rest of Sub-Saharan Africa;2050;3226.59;78.20047;76.451098248;1.749371752
geco-2025-1.5c;Rest of Sub-Saharan Africa;2060;4586.78;100.85997;98.581508248;2.278461752
geco-2025-1.5c;Rest of Sub-Saharan Africa;2070;6170.02;166.22668;162.370498248;3.856181752
geco-2025-1.5c;Rest of South America;2030;411.376;0.293155472;0.06795553141;0.22519994059
geco-2025-1.5c;Rest of South America;2035;510.254;0.5587744;0.20771772546;0.35105667454
geco-2025-1.5c;Rest of South America;2040;657.996;1.3533509;0.8324932;0.5208577
geco-2025-1.5c;Rest of South America;2050;1001.56;6.3465014;5.66891;0.6775914
geco-2025-1.5c;Rest of South America;2060;1278.76;13.9183594;12.9643;0.9540594
geco-2025-1.5c;Rest of South America;2070;1503.1;32.4221384;30.84373;1.5784084
geco-2025-1.5c;Rest of South Asia;2030;394.313;0.140543286;0.04608;0.094463286
geco-2025-1.5c;Rest of South Asia;2035;603.178;0.1295947;0.07296;0.0566347
geco-2025-1.5c;Rest of South Asia;2040;923.994;2.2352554;1.9672;0.2680554
geco-2025-1.5c;Rest of South Asia;2050;1554.37;16.3458844;15.2268;1.1190844
geco-2025-1.5c;Rest of South Asia;2060;2238.45;59.2782044;57.5859;1.6923044
geco-2025-1.5c;Rest of South Asia;2070;3094.63;63.8999544;61.9354;1.9645544
geco-2025-1.5c;Rest of South-East Asia;2030;691.98;13.708712;13.1588;0.549912
geco-2025-1.5c;Rest of South-East Asia;2035;838.895;31.330683;30.4959;0.834783
geco-2025-1.5c;Rest of South-East Asia;2040;1014.19;50.76696;49.65581;1.11115
geco-2025-1.5c;Rest of South-East Asia;2050;1397.73;86.89855;85.45473;1.44382
geco-2025-1.5c;Rest of South-East Asia;2060;1763.91;117.26639;115.73236;1.53403
geco-2025-1.5c;Rest of South-East Asia;2070;2107.11;109.305;107.340453;1.964547
geco-2025-1.5c;Russian Federation;2030;1652.22;3.006721;2.5405;0.466221
geco-2025-1.5c;Russian Federation;2035;2303.45;4.733456;4.2137;0.519756
geco-2025-1.5c;Russian Federation;2040;2696.69;5.477425;5.0157;0.461725
geco-2025-1.5c;Russian Federation;2050;2990.52;6.883312;6.31115;0.572162
geco-2025-1.5c;Russian Federation;2060;2712.94;10.909235;9.9042;1.005035
geco-2025-1.5c;Russian Federation;2070;2846.32;18.727905;17.1082;1.619705
geco-2025-1.5c;Saudi Arabia;2030;411.646;0.108708096;0.04236600776;0.06634208824
geco-2025-1.5c;Saudi Arabia;2035;467.482;0.3382496;0.16489209803;0.17335750197
geco-2025-1.5c;Saudi Arabia;2040;555.333;0.6779574;0.37517829161;0.30277910839
geco-2025-1.5c;Saudi Arabia;2050;784.2;3.1440154;2.23892544577;0.90508995423
geco-2025-1.5c;Saudi Arabia;2060;891.64;6.0542954;4.92454594648;1.12974945352
geco-2025-1.5c;Saudi Arabia;2070;912.56;13.1159804;11.7562967024;1.35968369759
geco-2025-1.5c;Thailand;2030;193.119;0.102264872;0.03528443259;0.06698043941
geco-2025-1.5c;Thailand;2035;252.826;0.1705558;0.09440972665;0.07614607335
geco-2025-1.5c;Thailand;2040;341.851;2.2942864;2.102187248;0.192099152
geco-2025-1.5c;Thailand;2050;472.829;7.2810054;6.828870248;0.452135152
geco-2025-1.5c;Thailand;2060;532.823;8.8101614;8.224581248;0.585580152
geco-2025-1.5c;Thailand;2070;576.858;6.7146344;5.829060248;0.885574152
geco-2025-1.5c;Türkiye;2030;462.16;11.51131737;11.215055;0.29626237
geco-2025-1.5c;Türkiye;2035;611.745;20.8900504;20.1917129;0.6983375
geco-2025-1.5c;Türkiye;2040;754.637;36.4640154;35.193195;1.2708204
geco-2025-1.5c;Türkiye;2050;1017.04;81.525887;78.85449;2.671397
geco-2025-1.5c;Türkiye;2060;1223.54;109.800455;106.4599566;3.3404984
geco-2025-1.5c;Türkiye;2070;1353.95;127.775362;123.8435651;3.9317969
geco-2025-1.5c;Ukraine;2030;203.246;0.123916696;0.049236;0.074680696
geco-2025-1.5c;Ukraine;2035;228.996;0.2534183;0.1922459;0.0611724
geco-2025-1.5c;Ukraine;2040;267.866;0.2939086;0.2317395;0.0621691
geco-2025-1.5c;Ukraine;2050;299.207;0.4641949;0.3692888;0.0949061
geco-2025-1.5c;Ukraine;2060;324.319;0.875307;0.6931245;0.1821825
geco-2025-1.5c;Ukraine;2070;345.073;1.9768146;1.6865384;0.2902762
geco-2025-1.5c;United States;2030;4771.43;67.411706;66.09088;1.320826
geco-2025-1.5c;United States;2035;5478.51;149.36491;146.7379343;2.6269757
geco-2025-1.5c;United States;2040;6067.22;201.44128;197.97045;3.47083
geco-2025-1.5c;United States;2050;6661.55;249.55236;245.4019712;4.1503888
geco-2025-1.5c;United States;2060;7009.07;342.15043;336.4619712;5.6884588
geco-2025-1.5c;United States;2070;7531.98;360.62109;352.0109712;8.6101188
geco-2025-1.5c;Vietnam;2030;383.411;2.5321845;2.12153053078;0.41065396922
geco-2025-1.5c;Vietnam;2035;476.651;3.9002391;3.31816972498;0.58206937502
geco-2025-1.5c;Vietnam;2040;594.903;5.390967;4.5364712;0.8544958
geco-2025-1.5c;Vietnam;2050;796.194;9.847878;8.1775012;1.6703768
geco-2025-1.5c;Vietnam;2060;957.324;21.505611;18.509392;2.996219
geco-2025-1.5c;Vietnam;2070;1066.17;36.521124;32.0297836;4.4913404
geco-2025-1.5c;South Africa;2030;225.513;0.194421396;0.06493;0.129491396
geco-2025-1.5c;South Africa;2035;239.078;0.401376;0.1678712;0.2335048
geco-2025-1.5c;South Africa;2040;285.102;0.6424164;0.3323712;0.3100452
geco-2025-1.5c;South Africa;2050;370.436;2.0851254;1.4422141;0.6429113
geco-2025-1.5c;South Africa;2060;515.954;5.2684544;4.1578935;1.1105609
geco-2025-1.5c;South Africa;2070;621.237;12.8082594;11.110639;1.6976204
