country;year;reported_generation_twh;component_generation_twh;pumped_storage_twh;mapped_generation_twh;unserved_twh;curtailed_twh;missing_generation_cells
AT;2030;96.3324182906;96.3324182906;12.3798402351;83.9525780555;0;0.333562140548;10
AT;2035;112.426627268;112.426627268;15.362259306;97.0643679623;0;0.691965188556;10
AT;2040;122.204447719;122.204447719;14.5804780732;107.623969646;0;0.85346661031;11
AT;2050;124.937321704;124.937321704;11.8745540816;113.062767622;0;0.912893607998;11
BE;2030;80.3298690737;80.3298690737;1.28349327545;79.0463757983;0;0.0150989036464;9
BE;2035;93.7459309688;93.7459309688;1.22617638708;92.5197545817;0;0.21094039407;8
BE;2040;114.006972684;114.006972684;1.15254956581;112.854423119;0;0.972641809314;8
BE;2050;137.719797032;137.719797032;1.23623863584;136.483558396;0;1.60753018429;9
BG;2030;35.8213056258;35.8213056258;2.08718011634;33.7341255094;0;0.0478828249606;10
BG;2035;50.3530704102;50.3530704102;3.37654985216;46.976520558;0;0.372507387409;10
BG;2040;68.0666504654;68.0666504654;5.36183887119;62.7048115943;0;0.318374358566;10
BG;2050;68.0971894206;68.0971894206;6.46363099823;61.6335584224;0;0.506564050792;10
CY;2030;6.63552141574;6.63552141574;0;6.63552141574;0;0.0901752172601;15
CY;2035;6.12572991256;6.12572991256;0.155600668766;5.9701292438;0;0.196883407065;14
CY;2040;6.37029023038;6.37029023038;0.174034249644;6.19625598074;0;0.872130205478;13
CY;2050;7.0205488916;7.0205488916;0.192729430828;6.82781946077;0;1.17249554576;13
CZ;2030;61.5598885822;61.5598885822;1.39246959501;60.1674189872;0;0.153630679239;10
CZ;2035;63.7990649219;63.7990649219;1.4593357895;62.3397291324;0;0.117701023946;11
CZ;2040;84.7806049897;84.7806049897;1.53708537315;83.2435196166;0;0.298783540404;10
CZ;2050;98.1113767421;98.1113767421;1.62682580838;96.4845509337;0;2.69828104026;10
DE;2030;719.189555774;719.189555774;20.5631889014;698.626366872;0;25.7409468634;6
DE;2035;983.828961006;983.828961006;25.342046132;958.486914874;0;63.3393679178;6
DE;2040;1091.17554379;1091.17554379;27.6684428755;1063.50710091;0;75.0731350096;7
DE;2050;1224.01297388;1224.01297388;22.2487072387;1201.76426664;0;36.2566133406;9
DK;2030;65.2111964854;65.2111964854;0;65.2111964854;0;1.66302060139;13
DK;2035;120.831962456;120.831962456;0;120.831962456;0;11.2260920749;12
DK;2040;167.627087686;167.627087686;0;167.627087686;0.000402782086;16.6367896164;12
DK;2050;203.563823211;203.563823211;0;203.563823211;2.1400322e-05;16.2035486493;13
EE;2030;9.89681304033;9.89681304033;0;9.89681304033;0;0.341180827639;14
EE;2035;13.1115397721;13.1115397721;0;13.1115397721;0;1.88633159436;15
EE;2040;16.7466303259;16.7466303259;0;16.7466303259;0;0.368862939392;15
EE;2050;23.0684620009;23.0684620009;0;23.0684620009;0;0.260253821257;15
ES;2030;325.103850684;325.103850684;18.6602739824;306.443576702;0;5.62273324789;7
ES;2035;401.199106487;401.199106487;26.4183676155;374.780738872;0;23.8904249711;8
ES;2040;484.805720762;484.805720762;34.0360675338;450.769653228;0;24.45474996;8
ES;2050;636.865054294;636.865054294;42.4356101173;594.429444177;0;30.6397481239;8
EU27;2030;3382.36432153;3382.36432153;96.4287269903;3285.93559454;0.0002134865946;77.8412116288;1
EU27;2035;4154.13606099;4154.13606099;127.005743577;4027.13031741;0.0002360461323;173.849118236;1
EU27;2040;4942.76061329;4942.76061329;147.444277942;4795.31633535;0.001483510674;245.822464725;0
EU27;2050;6113.52392754;6113.52392754;160.015441359;5953.50848618;2.1400322e-05;369.501459043;0
FI;2030;142.562895326;142.562895326;0;142.562895326;0;2.20959367315;12
FI;2035;191.357580349;191.357580349;0;191.357580349;0;10.7078556501;11
FI;2040;263.726799129;263.726799129;0;263.726799129;0;6.69729450177;11
FI;2050;309.147948358;309.147948358;0;309.147948358;0;5.66434955769;11
FR;2030;575.240212878;575.240212878;8.76866143401;566.471551444;0;0.0184751896547;9
FR;2035;629.01677439;629.01677439;10.3521318202;618.66464257;0;0.611615638558;9
FR;2040;722.417743692;722.417743692;11.7214979514;710.696245741;0.001080728588;1.65256656912;9
FR;2050;842.640430279;842.640430279;15.4896796061;827.150750673;0;4.21023089729;10
GR;2030;58.4161533315;58.4161533315;3.5869569138;54.8291964177;0;1.2468356253;9
GR;2035;70.8051962568;70.8051962568;4.81762314116;65.9875731156;0;1.82771089288;9
GR;2040;86.0751158178;86.0751158178;5.74408127815;80.3310345397;0;3.2087313351;9
GR;2050;120.726241282;120.726241282;5.88731752593;114.838923756;0;5.86398751211;10
HR;2030;15.5418953834;15.5418953834;1.08542162658;14.4564737568;0;0.001999575943;8
HR;2035;19.0031615325;19.0031615325;1.14061578796;17.8625457446;0;0.0163326974201;10
HR;2040;24.2716301178;24.2716301178;1.0598572895;23.2117728283;0;0.002278564414;10
HR;2050;35.5988152994;35.5988152994;1.00124077731;34.5975745221;0;0.0738950359477;11
HU;2030;49.3391662118;49.3391662118;0;49.3391662118;0;0.531816807183;11
HU;2035;61.050371356;61.050371356;0;61.050371356;0;1.02240388144;11
HU;2040;61.8565245156;61.8565245156;0;61.8565245156;0;1.05479429812;11
HU;2050;70.2195186733;70.2195186733;0;70.2195186733;0;1.16568705797;13
IE;2030;47.1034171049;47.1034171049;2.09381996931;45.0095971356;0;28.2227757525;12
IE;2035;64.138522602;64.138522602;2.10092213629;62.0376004657;0;29.3899063132;12
IE;2040;75.7265404716;75.7265404716;2.53610532731;73.1904351443;0;73.7377866887;11
IE;2050;100.097710739;100.097710739;2.98162238812;97.1160883505;0;144.906518878;11
IT;2030;302.630656108;302.630656108;12.0418946269;290.588761481;0;6.69067362223;9
IT;2035;328.25736372;328.25736372;12.8838170964;315.373546624;0;7.35364780812;9
IT;2040;367.391573371;367.391573371;12.652546744;354.739026627;0;7.99013755248;9
IT;2050;577.008049565;577.008049565;15.3975963945;561.610453171;0;62.0091337983;7
LT;2030;20.2379875907;20.2379875907;0.518970785129;19.7190168056;0;0.0076464342507;13
LT;2035;29.6217462185;29.6217462185;1.13497278209;28.4867734364;0;0.967329949318;11
LT;2040;46.2304817974;46.2304817974;0.741776412392;45.4887053851;0;0.143705177542;10
LT;2050;73.7917414967;73.7917414967;0.952878625933;72.8388628707;0;0.482736159963;10
LU;2030;3.99585492322;3.99585492322;1.22164879967;2.77420612355;1.36774575e-05;1.9008073e-06;14
LU;2035;4.46074412521;4.46074412521;1.20087956181;3.25986456341;0;3.46117626e-05;15
LU;2040;4.42713317738;4.42713317738;1.17483859029;3.25229458709;0;3.5588112e-05;14
LU;2050;4.54594704169;4.54594704169;1.05267529254;3.49327174915;0;8.40928087e-05;14
LV;2030;7.38432382088;7.38432382088;0;7.38432382088;0;0;14
LV;2035;8.01076907273;8.01076907273;0;8.01076907273;0;0;14
LV;2040;9.92023613806;9.92023613806;0;9.92023613806;0;0;14
LV;2050;6.74732757766;6.74732757766;0;6.74732757766;0;0;15
MT;2030;1.44068921996;1.44068921996;0;1.44068921996;0.0001998091371;0;18
MT;2035;2.07316561256;2.07316561256;0;2.07316561256;0;0.0037343910481;16
MT;2040;2.52204043939;2.52204043939;0;2.52204043939;0;0;16
MT;2050;1.01157722444;1.01157722444;0;1.01157722444;0;0;17
NL;2030;170.963745295;170.963745295;0;170.963745295;0;1.66135377291;10
NL;2035;241.117613978;241.117613978;0;241.117613978;0;8.28082488733;9
NL;2040;339.374581219;339.374581219;0;339.374581219;0;8.89358006431;8
NL;2050;500.612979556;500.612979556;0;500.612979556;0;6.08394073127;9
PL;2030;154.654617679;154.654617679;1.23120593942;153.423411739;0;1.81674797483;9
PL;2035;180.441723301;180.441723301;3.17223466638;177.269488635;0;9.3839585542;7
PL;2040;246.454317218;246.454317218;9.29232617532;237.161991043;0;18.3993468162;9
PL;2050;335.342359404;335.342359404;14.175375485;321.166983919;0;39.269632421;10
PT;2030;74.6043557162;74.6043557162;8.21946434265;66.3848913735;0;0.115889733089;9
PT;2035;88.6522545082;88.6522545082;11.2244409924;77.4278135158;0;0.798509814221;9
PT;2040;98.7694659979;98.7694659979;12.0597426814;86.7097233164;0;1.9223748936;9
PT;2050;93.8654848983;93.8654848983;9.93943441854;83.9260504798;0;0.194696709206;11
RO;2030;71.1728415444;71.1728415444;0;71.1728415444;0;0.904673670693;12
RO;2035;92.3615400529;92.3615400529;1.44314551895;90.9183945339;0;1.11742323159;11
RO;2040;105.990016208;105.990016208;1.62796093922;104.362055269;0;1.98980373349;11
RO;2050;138.974831294;138.974831294;1.81144489528;137.163386399;0;8.90051537852;11
SE;2030;231.958996375;231.958996375;0;231.958996375;0;0.0007581962345;13
SE;2035;237.785197355;237.785197355;0;237.785197355;0.0002360461323;0.0773979294154;12
SE;2040;259.858592523;259.858592523;0;259.858592523;0;0.187511692422;13
SE;2050;307.202802865;307.202802865;0;307.202802865;0;0.359061638489;13
SI;2030;19.1710881446;19.1710881446;0;19.1710881446;0;0.403738394061;11
SI;2035;23.9736021643;23.9736021643;2.76219446506;21.2114076993;0;0.358218025918;11
SI;2040;25.3105449392;25.3105449392;2.92599157248;22.3845533667;0;0.07840558179;11
SI;2050;31.2683799036;31.2683799036;3.83451901309;27.4338608905;0;0.0590608100318;11
SK;2030;35.8650059051;35.8650059051;1.29423644727;34.5707694578;0;0;7
SK;2035;36.5867411896;36.5867411896;1.43242985778;35.1543113318;0;0;7
SK;2040;46.6533278654;46.6533278654;1.39705643793;45.2562714275;0;0.015177618758;7
SK;2050;41.3252349057;41.3252349057;1.41336062568;39.9118742801;0;0;8
