country;year;Hydro;Nuclear;Gas;Solar;Wind;Biomass;Coal;Oil;Geothermal;Waste;Biogas CCS;Biomass CCS;Coal CCS;Gas CCS;Wood CCS;Hydro, reservoir;Gas CCGT;Gas CHP;Solar, thermal;Wind, offshore;Lignite;Hydrogen turbine, electrolysis;Hydrogen turbine, reforming;Hydrogen turbine, reforming CCS;Hydrogen fuel cell, electrolysis;Hydrogen fuel cell, reforming;Hydrogen fuel cell, reforming CCS
AT;2030;0.297527431215;0;0;0.175405885841;0.267640292547;0.0521238918917;0;0.000554403618161;0;0;0;0;0;0;0;0.121756289523;0.0849918053642;0;0;0;0;0;0;0;0;0;0
AT;2035;0.278406704291;0;0;0.245396129641;0.289384665435;0.0448505683457;0;0.000315990123769;0;0;0;0;0;0;0;0.110063083644;0.031582858519;0;0;0;0;0;0;0;0;0;0
AT;2040;0.243825043684;0;0;0.29223547481;0.276559993494;0.0403732167507;0;0.0211457926265;0;0;0;0;0;0;0;0.100273917413;0;0;0;0;0;0.0176465329349;0.00597684049412;0.00196318779267;0;0;0
AT;2050;0.227124378877;0;0;0.303843368515;0.280784604087;0.0384031917997;0;0.0209604008968;0;0;0;0;0;0;0;0.0921070647885;0;0;0;0;0;0.0279116240345;0.00556573016841;0.00329963683272;0;0;0
BE;2030;0.00589669071722;0.129579753353;0;0.194708895521;0.24087643068;0.0652093470883;0;0.0488871483978;0;0;0;0;0;0;0;0;0.197590278911;0;0;0.117251455331;0;0;0;0;0;0;0
BE;2035;0.00594333479251;0.10278423563;0;0.208310495746;0.269067082846;0.0557095102967;0;0.0191762362157;0;0;0;0;0;0;0;0;0.0853301010898;0;0;0.253679003383;0;0;0;0;0;0;0
BE;2040;0.00359416930937;0.0807278917392;0;0.250873636142;0.262320262706;0.0456678810327;0;0.0171094019529;0;0;0;0;0;0;0;0;0.0784733384757;0;0;0.261233418643;0;0;0;0;0;0;0
BE;2050;0.00319341093551;0;0;0.304521210292;0.362413720435;0.0377559143294;0;0.0215472841797;0;0;0;0;0;0;0;0;0.0344274530684;0;0;0.23614100676;0;0;0;0;0;0;0
BG;2030;0.0465434901135;0.399916699881;0;0.249506492441;0.111814324102;0.0110764680201;0.0107552981504;0;0;0;0;0;0;0;0;0.0684953552851;0.0619552910775;0;0;0.0399365809297;0;0;0;0;0;0;0
BG;2035;0.0306672574606;0.393158410282;0;0.272365155259;0.12274433786;0.010522590236;1.19522164462e-05;0;0;0;0;0;0;0;0;0.0450248858041;0.0177314948849;0;0;0.107773915998;0;0;0;0;0;0;0
BG;2040;0.0216568824862;0.443046817005;0;0.25189274353;0.133759123757;0.00792032798261;0;0;0;0;0;0;0;0;0;0.030270349116;0.00643255182004;0;0;0.105021204303;0;0;0;0;0;0;0
BG;2050;0.0174226515491;0.240197754078;0;0.300117633833;0.168361467367;0.0538933450382;9.64431191911e-05;0;0;0;0;0;0;0;0;0.0228414598546;0.0283950859083;0;0;0.168674159252;0;0;0;0;0;0;0
CY;2030;0;0;0;0.248949646761;0.0339456774057;0.016409283189;0;0;0;0;0;0;0;0;0;0;0.700695392644;0;0;0;0;0;0;0;0;0;0
CY;2035;0;0;0;0.495575623032;0.0347590238698;0.0331129535523;0;3.17776733556e-06;0;0;0;0;0;0;0;0;0.436549221778;0;0;0;0;0;0;0;0;0;0
CY;2040;0;0;0;0.623042988413;0.02865368171;0.0513645687285;0;0;0;0;0;0;0;0;0;0;0.219728773077;0;0.0772099880717;0;0;0;0;0;0;0;0
CY;2050;0;0;0;0.575997102067;0.0236234914703;0.0434973094896;0;0;0;0;0;0;0;0;0;0;0.285949152229;0;0.0485223207448;0.022410623999;0;0;0;0;0;0;0
CZ;2030;0.0182898797094;0.544498952873;0;0.171644968369;0.0536584283348;0.0933585008629;0.000107294904014;0.0522134663468;0;0;0;0;0;0;0;0.0118156518875;0.0544128567129;0;0;0;0;0;0;0;0;0;0
CZ;2035;0.0178702177522;0.539542314995;0;0.187662440199;0.0937245342255;0.0744692621105;0;0.0370652637374;0;0;0;0;0;0;0;0.0124000229863;0.0372659439947;0;0;0;0;0;0;0;0;0;0
CZ;2040;0.0130202073627;0.598710463274;0;0.152030394786;0.0929887742828;0.0468123001933;0;0.0281687161026;0;0;0;0;0;0;0;0.00828625194736;0.0599828920517;0;0;0;0;0;0;0;0;0;0
CZ;2050;0.0104017253958;0.447421707229;0;0.275592704696;0.150373353324;0.0425587299851;0;0.0291179610758;0;0;0;0;0;0;0;0.00649802654967;0.0380357917446;0;0;0;0;0;0;0;0;0;0
DE;2030;0.0207883795995;0;0;0.271411777409;0.311561979658;0.101497634352;0.0184662874001;0.0310703534051;0;0;0;0;0;0;0;0.000762021620202;0.094506709493;0;0;0.149486017204;0;0.000266976506432;0.000125164414165;5.66989379924e-05;0;0;0
DE;2035;0.0152636845712;0;0;0.273613642745;0.398231847232;0.0552785977394;0.00128603226736;0.0034471712448;0;0;0;0;0;0;0;0.000536915133894;0.0253267192513;0;0;0.211023028011;0;0.0106538243635;0.00312091950899;0.002217617932;0;0;0
DE;2040;0.0132201427173;0;0;0.316176413974;0.329770345844;0.0403782657408;0;0.000932711034945;0;0;0;0;0;0;0;0.000551302022321;0.00375862909082;0;0;0.27253806893;0;0.015637881671;0.00529651488811;0.00173972408704;0;0;0
DE;2050;0.012220970795;0;0;0.31990421359;0.343128980614;0.0333079073255;0;0.000427583454959;0;0;0;0;0;0;0;0.000489038151299;0;0;0;0.267085964633;0;0.017786078221;0.00354664107005;0.00210262214535;0;0;0
DK;2030;0;0;0;0.376832319252;0.250664017886;0.0675935230452;0;0;0;0;0;0;0;0;0;0;0.000647140681796;0;0;0.304262999135;0;0;0;0;0;0;0
DK;2035;0;0;0;0.2995391201;0.130858052097;0.0207390934114;0;0.000125308182674;0;0;0;0;0;0;0;0;0.000294981360423;0;0;0.548443444848;0;0;0;0;0;0;0
DK;2040;0;0;0;0.25644105574;0.0724317346409;0.0206051560971;0;0.000721354758966;0;0;0;0;0;0;0;0;0.001230569628;0;0;0.648570129135;0;0;0;0;0;0;0
DK;2050;0;0;0;0.267903703739;0.0658331484708;0.0164490504834;0;0.000129139716531;0;0;0;0;0;0;0;0;0.00027586940757;0;0;0.649409088182;0;0;0;0;0;0;0
EE;2030;0;0;0;0;0.897560752534;0.0949193024399;0;0.0041851638422;0;0;0;0;0;0;0;0;0.00333478118343;0;0;0;0;0;0;0;0;0;0
EE;2035;0;0;0;0;0.688303429289;0.0393044585293;0;0.00251987791395;0;0;0;0;0;0;0;0;0.0116013603009;0;0;0.258270873967;0;0;0;0;0;0;0
EE;2040;0;0;0;0;0.621527794358;0.00856637982987;0;0.00319385477837;0;0;0;0;0;0;0;0;0;0;0;0.366711971034;0;0;0;0;0;0;0
EE;2050;0;0;0;0;0.479532925796;0.00629981530604;0;0.00505158543147;0;0;0;0;0;0;0;0;0;0;0;0.509108798037;0;5.21805631567e-06;1.04050890843e-06;6.16864529027e-07;0;0;0
ES;2030;0.0190399904868;0.1162334859;0;0.297689335625;0.321426461333;0.0250363214134;0;0.0459814752257;0;0;0;0;0;0;0;0.0676604756594;0.0491612788014;0;0.0233225473655;0.0344486281909;0;0;0;0;0;0;0
ES;2035;0.0137355117853;0;0;0.33479961415;0.490860357937;0.019354785116;0;0.0138902954668;0;0;0;0;0;0;0;0.0515852821682;0.0312624820674;0;0.0170317616231;0.0274799096863;0;0;0;0;0;0;0
ES;2040;0.0121058637925;0;0;0.361517315887;0.497930618766;0.0204836003909;0;0.00385902120607;0;0;0;0;0;0;0;0.0490835001268;0.0197683407751;0;0.0132426074172;0.0220091316389;0;0;0;0;0;0;0
ES;2050;0.00955088154218;0;0;0.343544881743;0.552719245889;0.0156658962814;0;0.00789322267486;0;0;0;0;0;0;0;0.0373793124804;0.00473188823875;0;0.0116418215444;0.0168728496058;0;0;0;0;0;0;0
EU27;2030;0.0392959793663;0.176350919863;0;0.21111833687;0.254971321487;0.0696575868772;0.00429567435746;0.0260479646874;0;0;0;0;0;0;0;0.0577688331692;0.0771088716175;0;0.00221633102789;0.0809986606024;0;0.000100833017489;4.72727197283e-05;2.14143374735e-05;0;0;0
EU27;2035;0.0329809676455;0.136560617891;0;0.236338001574;0.300421467009;0.0505520904879;0.000495435879435;0.00717576939686;0;0;0;0;0;0;0;0.0462570379801;0.0322503993465;0;0.00162138168015;0.151318065272;0;0.00268389148344;0.000786216198514;0.000558658156748;0;0;0
EU27;2040;0.0272050932263;0.143157415568;0;0.25049819845;0.270744733458;0.0407465105344;6.67091753793e-05;0.00469211288111;0;0;0;0;0;0;0;0.0407090350915;0.0169695712945;0;0.00137193352766;0.19707159948;0;0.00466688917229;0.00158066472827;0.0005191943305;2.33857201823e-07;7.92069013698e-08;2.60167595266e-08
EU27;2050;0.0207722696747;0.121625078941;0;0.279039644983;0.274713490893;0.0314172293549;8.04206948292e-06;0.00559201278512;0;0;0;0;0;0;0;0.0308636801227;0.00928055089788;0;0.00122866014781;0.219507405342;0;0.00450300840858;0.00089792445317;0.00053233349606;1.41682672752e-05;2.82522982217e-06;1.67493430333e-06
FI;2030;0;0.255020768086;0;0.0515835946356;0.462006693689;0.113810976258;0;0;0;0;0;0;0;0;0;0.0983849624463;0.019193004885;0;0;0;0;0;0;0;0;0;0
FI;2035;0;0.188775639735;0;0.0647269079639;0.547660327544;0.069347377684;0;0;0;0;0;0;0;0;0;0.0681470701285;0.00907007968255;0;0;0.0522725972624;0;0;0;0;0;0;0
FI;2040;0;0.1375793228;0;0.0580234235088;0.637158329087;0.0486590481187;0;0;0;0;0;0;0;0;0;0.0513436303858;0.000211219618605;0;0;0.0670250264817;0;0;0;0;0;0;0
FI;2050;0;0.0966953344067;0;0.0704691078502;0.59395640551;0.0407129081753;0;0;0;0;0;0;0;0;0;0.0462520902602;0.00040411612219;0;0;0.151510037675;0;0;0;0;0;0;0
FR;2030;0.0695030268949;0.604976486555;0;0.0976456992446;0.135052888172;0.0163282847593;0;0.018729884322;0;0;0;0;0;0;0;0.026463421476;0.00915916475269;0;0;0.0221411438232;0;0;0;0;0;0;0
FR;2035;0.0665150274452;0.519107548125;0;0.136181492423;0.155805483108;0.0158598795165;0;0.00345230602337;0;0;0;0;0;0;0;0.0266451480559;0.00376855723252;0;0;0.0726645580699;0;0;0;0;0;0;0
FR;2040;0.0568044790355;0.476160617577;0;0.160454184363;0.141986542754;0.0137215382104;0;0.00112021149443;0;0;0;0;0;0;0;0.0214373265865;0.000332167836573;0;0;0.127982932142;0;0;0;0;0;0;0
FR;2050;0.0460609815413;0.349604552549;0;0.210499819059;0.160180520549;0.0117379557529;0;0.000522044017302;0;0;0;0;0;0;0;0.0177862939941;0;0;0;0.203607832538;0;0;0;0;0;0;0
GR;2030;0.00598802667849;0;0;0.339652061092;0.317395031106;0.00850746624791;0;0.0166964669513;0;0;0;0;0;0;0;0.089636712779;0.139737741605;0;0;0.0823864935408;0;0;0;0;0;0;0
GR;2035;0.0054114023483;0;0;0.403796914575;0.289582161692;0.00704830349845;0;0.00631264537436;0;0;0;0;0;0;0;0.0632523974179;0.0522899949084;0;0;0.172306180186;0;0;0;0;0;0;0
GR;2040;0.00529711050095;0;0;0.443428679502;0.242475301337;0.00573130465477;0;0.00488109674383;0;0;0;0;0;0;0;0.0649630055688;0.021378624849;0;0;0.211844876844;0;0;0;0;0;0;0
GR;2050;0.00395842597713;0;0;0.434386576348;0.18053661421;0.00234135650148;0;0.007231909539;0;0;0;0;0;0;0;0.0385410647057;0.0315555115813;0;0;0.301448541137;0;0;0;0;0;0;0
HR;2030;0.0177286882895;0;0;0.252675960056;0.143047631559;0.127429489664;0.00064895223316;0.0857331635798;0;0;0;0;0;0;0;0.354369816138;0.0183662984806;0;0;0;0;0;0;0;0;0;0
HR;2035;0.0159236186754;0;0;0.239547851561;0.124258822341;0.198197529393;0;0;0;0;0;0;0;0;0;0.347235345053;0.00563347747684;0;0;0.0692033554991;0;0;0;0;0;0;0
HR;2040;0.0115767412506;0;0;0.372324801809;0.0941911211423;0.152580640126;0;0;0;0;0;0;0;0;0;0.317556616114;0.0022388263225;0;0;0.0495312532353;0;0;0;0;0;0;0
HR;2050;0.00710342131426;0;0;0.599647063472;0.0649919312363;0.119693118114;0;0;0;0;0;0;0;0;0;0.176529147381;0;0;0;0.0320353184829;0;0;0;0;0;0;0
HU;2030;0.00476432957331;0.321094202673;0;0.328846835272;0.0755054417234;0.0471760596183;0;0.123957650682;0;0;0;0;0;0;0;0;0.0986554804584;0;0;0;0;0;0;0;0;0;0
HU;2035;0.00392166286269;0.523353171355;0;0.2825380368;0.0952010524712;0.027659151856;0;0.0336668372609;0;0;0;0;0;0;0;0;0.0336600873944;0;0;0;0;0;0;0;0;0;0
HU;2040;0.00380017710346;0.515308031242;0;0.292734351919;0.108994625258;0.030520830518;0;0.0232617013485;0;0;0;0;0;0;0;0;0.0253802826107;0;0;0;0;0;0;0;0;0;0
HU;2050;0.00328213346815;0.45195201445;0;0.293680644271;0.14813490338;0.0251041043277;0;0.0519608182133;0;0;0;0;0;0;0;0;0.0258853818896;0;0;0;0;0;0;0;0;0;0
IE;2030;0.00405486085354;0;0;0.10739806774;0.561512614674;0;0;0;0;0;0;0;0;0;0;0;0.0574216391419;0;0;0.269612817591;0;0;0;0;0;0;0
IE;2035;0.00391882827998;0;0;0.0973921062211;0.442602283214;0;0;0;0;0;0;0;0;0;0;0;0.0108629995935;0;0;0.438818272554;0;0.00426723587157;0.00125003934988;0.000888234916026;0;0;0
IE;2040;0.0021336240194;0;0;0.0933033233825;0.191403792589;0.0129425171908;0;0;0;0;0;0;0;0;0;0;0.0122917928141;0;0;0.686393453469;0;0.0010562421346;0.000357746804145;0.000117507596105;0;0;0
IE;2050;0.00118278139982;0;0;0.0841316123843;0.0964754768944;0.00698690623357;0;0;0;0;0;0;0;0;0;0;0.00213372502624;0;0;0.807694573079;0;0.00105866794892;0.000211104167008;0.000125152866546;0;0;0
IT;2030;0.0695185263678;0;0;0.34929958043;0.177037959774;0.0673394343173;0;0.0318762774963;0;0;0;0;0;0;0;0.0634666997449;0.223224002033;0;0.000306793186057;0.0179307266513;0;0;0;0;0;0;0
IT;2035;0.0614024295529;0;0;0.419257145744;0.20758705035;0.0621708695752;0;0.0134916822453;0;0;0;0;0;0;0;0.0543668883673;0.129283464005;0;0.000304145130886;0.0521363250303;0;0;0;0;0;0;0
IT;2040;0.0589980500779;0;0;0.438989419352;0.188133953698;0.0554376185255;0;0.0113333030496;0;0;0;0;0;0;0;0.052436221886;0.100213527259;0;0.000272365613287;0.0941855405394;0;0;0;0;0;0;0
IT;2050;0.0343095538905;0.100875738129;0;0.559529789029;0.119138592133;0.0325338074512;0;0.0158035200894;0;0;0;0;0;0;0;0.0305412071521;0.0514856122749;0;4.69571857769e-05;0.0555451484523;0;0;0;0;0.000144255411222;2.87653163143e-05;1.7053485229e-05
LT;2030;0.0222951021823;0;0;0.182799036658;0.683464486482;0.0932188864421;0;0.0137767695061;0;0;0;0;0;0;0;0;0.00444571872851;0;0;0;0;0;0;0;0;0;0
LT;2035;0.0149691044213;0;0;0.156266360397;0.547568417074;0.0609943751511;0;0.00715451863615;0;0;0;0;0;0;0;0;0.00482168360366;0;0;0.208225540716;0;0;0;0;0;0;0
LT;2040;0.0102426879828;0.157942895998;0;0.141315857763;0.37895124102;0.0404280719341;0;0.00517099756467;0;0;0;0;0;0;0;0;0.00542797303221;0;0;0.260520274706;0;0;0;0;0;0;0
LT;2050;0.00528706441869;0.147587011589;0;0.118412219975;0.408357344816;0.0251788151534;0;0.00689670820136;0;0;0;0;0;0;0;0;0.00597561496069;0;0;0.282305220886;0;0;0;0;0;0;0
LU;2030;0.0322582485276;0;0;0.313612124261;0.311387853952;0.332984670499;0;0.00975710276048;0;0;0;0;0;0;0;0;0;0;0;0;0;0;0;0;0;0;0
LU;2035;0.0299524419603;0;0;0.319209110699;0.351915682861;0.29892276448;0;0;0;0;0;0;0;0;0;0;0;0;0;0;0;0;0;0;0;0;0
LU;2040;0.0208535057892;0;0;0.36882521442;0.337769439912;0.272051885168;0;0;0;0;0;0;0;0;0;0;0;0;0;0;0;0;0;0;0.000344808635875;0.00011678589926;3.83601757498e-05
LU;2050;0.0227785473659;0;0;0.440612965786;0.418821960409;0.116528393572;0;0;0;0;0;0;0;0;0;0;0;0;0;0;0;0;0;0;0.000954850589254;0.000190402418877;0.000112879858591
LV;2030;0;0;0;0.144048777722;0.219675306548;0.19692527512;0;0;0;0;0;0;0;0;0;0.376554794398;0.0564952653434;0;0.00630058086949;0;0;0;0;0;0;0;0
LV;2035;0;0;0;0.137879488557;0.216035611888;0.181525642145;0;0;0;0;0;0;0;0;0;0.386368105322;0.0718971513821;0;0.00629400070608;0;0;0;0;0;0;0;0
LV;2040;0;0;0;0.132468168168;0.332319924175;0.151000437807;0;0;0;0;0;0;0;0;0;0.312153315197;0.0685846345147;0;0.00347352013807;0;0;0;0;0;0;0;0
LV;2050;0;0;0;0.200398515284;0.533172473554;0.222007896128;0;0;0;0;0;0;0;0;0;0.0389487537066;0;0;0.00547236132751;0;0;0;0;0;0;0;0
MT;2030;0;0;0;0.405385772291;0;0;0;0;0;0;0;0;0;0;0;0;0.594614227709;0;0;0;0;0;0;0;0;0;0
MT;2035;0;0;0;0.246819675141;0;0;0;0;0;0;0;0;0;0;0;0;0.370216624356;0;0;0.382963700503;0;0;0;0;0;0;0
MT;2040;0;0;0;0.143731317143;0;0;0;0;0;0;0;0;0;0;0;0;0.577972399801;0;0;0.278296283057;0;0;0;0;0;0;0
MT;2050;0;0;0;0.100818593638;0;0;0;0;0;0;0;0;0;0;0;0;0.177887767701;0;0;0.721293638661;0;0;0;0;0;0;0
NL;2030;0.000626597986695;0.0187792959402;0;0.285180565931;0.11697330362;0.132794210197;0;0.0218062426614;0;0;0;0;0;0;0;0;0.0988118047343;0;0;0.323603930297;0;0.000847044935137;0.000397113156117;0.000179890541291;0;0;0
NL;2035;0.000459121467626;0.0126614980435;0;0.27216511947;0.0927327408956;0.0891744304307;0;0.00595388377288;0;0;0;0;0;0;0;0;0.0395973736763;0;0;0.485188322382;0;0.00137733795665;0.000403475855498;0.000286696048938;0;0;0
NL;2040;0.000282087596709;0.0703878813164;0;0.239096096753;0.0650806063338;0.0591586125427;0;0.00447493842412;0;0;0;0;0;0;0;0;0.00316835834518;0;0;0.542237095071;0;0.0111137225507;0.00376419250321;0.00123640856383;0;0;0
NL;2050;0.00020803893677;0.0999714166362;0;0.230000064473;0.0679795108592;0.023325074943;0;0.000860405426112;0;0;0;0;0;0;0;0;0.000103723866057;0;0;0.571826266003;0;0.00434532480817;0.000866481482645;0.000513692566562;0;0;0
PL;2030;0.0106530025984;0;0;0.175253083169;0.406716597075;0.0361991169538;0.00300809073158;0.0426269663016;0;0;0;0;0;0;0;0.00106340314111;0.150058401818;0;0;0.174421338211;0;0;0;0;0;0;0
PL;2035;0.00860640995193;0.0178749691434;0;0.200165862054;0.395407749463;0.0301024663683;0.00429815078826;0.0176896348074;0;0;0;0;0;0;0;0.000959740135261;0.0619825397117;0;0;0.262912477576;0;0;0;0;0;0;0
PL;2040;0.00502344501141;0.208907433631;0;0.174010361928;0.294144885477;0.0213940364899;0.0013234502928;0.00850259753607;0;0;0;0;0;0;0;0.000571131374216;0.0269674349184;0;0;0.259155223342;0;0;0;0;0;0;0
PL;2050;0.00296438231624;0.236689971581;0;0.15686333943;0.302223136894;0.0170997054318;0;0.00820134443242;0;0;0;0;0;0;0;0.000394742179762;0.00567325952272;0;0;0.269890118212;0;0;0;0;0;0;0
PT;2030;0.0178009442905;0;0;0.30677114941;0.389626100003;0.110082017245;0;0.0241405528553;0;0;0;0;0;0;0;0.102137447201;0.0187665335806;0;0;0.0306752554141;0;0;0;0;0;0;0
PT;2035;0.0144572965745;0;0;0.380544936804;0.382675581527;0.0982371069378;0;0.0040705086004;0;0;0;0;0;0;0;0.0826918001328;0.00579657259803;0;0;0.0315261968249;0;0;0;0;0;0;0
PT;2040;0.0113070928192;0;0;0.385045798204;0.391330261192;0.0888302850391;0;0.00166966165642;0;0;0;0;0;0;0;0.0932300969389;0.00382666176668;0;0;0.0247601423842;0;0;0;0;0;0;0
PT;2050;0.0107150467535;0;0;0.453985020286;0.336000234325;0.0951028858196;0;0;0;0;0;0;0;0;0;0.075913209456;0;0;0;0.0282836033593;0;0;0;0;0;0;0
RO;2030;0.174616721049;0.137621983737;0;0.205049896163;0.304323419223;0.0113051668195;0;0;0;0;0;0;0;0;0;0.059184416637;0.107898396371;0;0;0;0;0;0;0;0;0;0
RO;2035;0.149771963948;0.240102526968;0;0.189135297799;0.272265203766;0.0118009143204;0;0;0;0;0;0;0;0;0;0.0591918077875;0.0287658176379;0;0;0.0489664677735;0;0;0;0;0;0;0
RO;2040;0.1190213242;0.200082819443;0;0.236055967577;0.292294562934;0.0153099735927;0;0;0;0;0;0;0;0;0;0.044701439843;0.014941979071;0;0;0.0775919333389;0;0;0;0;0;0;0
RO;2050;0.0738553743965;0.134326367958;0;0.267732464006;0.408308515061;0.0181869953818;0;0;0;0;0;0;0;0;0;0.0298940467664;0.0147860186197;0;0;0.0529102178109;0;0;0;0;0;0;0
SE;2030;0;0.212203455311;0;0.0256898387392;0.249536721356;0.156253548871;0;0;0;0;0;0;0;0;0;0.346868050285;4.28864212531e-05;0;0;0.00940549901613;0;0;0;0;0;0;0
SE;2035;0;0.171308412276;0;0.0384324818856;0.278037407437;0.144926837579;0;0;0;0;0;0;0;0;0;0.324246832744;0.000216000752604;0;0;0.0428320273262;0;0;0;0;0;0;0
SE;2040;0;0.199272788039;0;0.046259719317;0.256343518907;0.132533532218;0;0;0;0;0;0;0;0;0;0.305231366764;0.000335068722803;0;0;0.0600240060329;0;0;0;0;0;0;0
SE;2050;0;0.218722957165;0;0.0620541639309;0.27538422777;0.111950183242;0;0;0;0;0;0;0;0;0;0.251448671666;0.000249771304539;0;0;0.0801900249222;0;0;0;0;0;0;0
SI;2030;0.0211653649761;0.313722411301;0;0.324167677118;0.0111719862403;0.0294761495132;0.0183430708018;0.09011740921;0;0;0;0;0;0;0;0.147082566348;0.0447533644911;0;0;0;0;0;0;0;0;0;0
SI;2035;0.0213427712424;0.283545537631;0;0.385700317429;0.0157608038636;0.0308745068227;0;0.091615706028;0;0;0;0;0;0;0;0.142918152259;0.0282422047236;0;0;0;0;0;0;0;0;0;0
SI;2040;0.0209627092537;0.268685280491;0;0.387639741671;0.0186660233347;0.0340377556398;0;0.0974895397354;0;0;0;0;0;0;0;0.147292398021;0.025226551853;0;0;0;0;0;0;0;0;0;0
SI;2050;0.0172676998615;0.350697762773;0;0.333444781635;0.0372247722185;0.0367052843021;0;0.0895444217626;0;0;0;0;0;0;0;0.113927277465;0.0211879999828;0;0;0;0;0;0;0;0;0;0
SK;2030;0.109633108791;0.700609159607;0;0.0402396898992;0.0412130987347;0.0653118398735;0.000649335610209;0.0190946854003;0;0;0;0;0;0;0;0.0174234293262;0.00582565275768;0;0;0;0;0;0;0;0;0;0
SK;2035;0.111624718414;0.691389386411;0;0.0575574229935;0.0431993353722;0.0653209472761;1.3450464597e-06;0.00932515822707;0;0;0;0;0;0;0;0.0180565684706;0.00352511778937;0;0;0;0;0;0;0;0;0;0
SK;2040;0.0834036096182;0.74895696707;0;0.049499547191;0.0413410654417;0.0540471088833;0.000133009011528;0.00658118136695;0;0;0;0;0;0;0;0.0123552125298;0.00368229888764;0;0;0;0;0;0;0;0;0;0
SK;2050;0.092039279388;0.666790002627;0;0.0850658777329;0.0595356617012;0.0698597931613;0.00105067469389;0.000333333058519;0;0;0;0;0;0;0;0.0141006678901;0.0112247097467;0;0;0;0;0;0;0;0;0;0
