id,category,core,manual,brightway,core_relative_difference,manual_relative_difference,core_pass,manual_pass
case-01,climate change,0.07638544348910471,0.0763854434891047,0.0763854438148617,-4.264647484619548e-09,-4.2646476663006005e-09,True,True
case-02,climate change,0.18590703876989378,0.18590703876989384,0.1859070366121448,1.1606601981364749e-08,1.1606602279961038e-08,True,True
case-03,climate change,0.13001326019657228,0.13001326019657225,0.13001325752887466,2.0518658397365734e-08,2.0518658183883077e-08,True,True
case-04,climate change,0.46330905312315995,0.4633090613054922,0.4633090529237254,4.3045690280190907e-10,1.809109229197767e-08,True,True
case-05,climate change,0.05672949456877355,0.056729494568773534,0.056729496554922314,-3.501086536813466e-08,-3.501086561276556e-08,True,True
case-06,climate change,0.09858701187515487,0.09858701187515488,0.09858701115796725,7.274666372655846e-09,7.274666513422744e-09,True,True
case-07,climate change,0.058935971841587324,0.05893597184158733,0.05893597122840762,1.0404167245877497e-08,1.0404167363613639e-08,True,True
case-08,climate change,0.08486200045347145,0.08486200045347145,0.08486200087992626,-5.025274109532e-09,-5.025274109532e-09,True,True
case-09,climate change,0.17897492224236336,0.1789749222423634,0.17897492324893333,-5.624083798971359e-09,-5.624083643890552e-09,True,True
case-10,climate change,0.12085554498912898,0.12085554864807588,0.12085554730940626,-1.919876519965454e-08,1.1076608806149495e-08,True,True
case-11,climate change,0.06525880900552633,0.06525880900552632,0.0652588092398014,-3.5899378841500224e-09,-3.589938096807715e-09,True,True
