case,family,size,powertrain,country,cycle,year,scenario,functional_unit,core_kg_CO2_eq,manual_kg_CO2_eq,brightway_kg_CO2_eq,core_difference_percent
case-01,Car,Small,BEV,FR,WLTC,2025,static,pkm,0.07690975700947064,0.0763854434891047,0.0763854438148617,0.6864045928432861
case-02,Car,Lower medium,ICEV-p,CH,WLTC,2025,static,pkm,0.18590703876989378,0.18590703876989384,0.1859070366121448,1.1606601981364748e-06
case-03,Truck,7.5t,BEV,CH,Urban delivery,2025,static,tkm,0.12997579221554176,0.12997579221554173,0.1299757895228585,2.0716806419753114e-06
case-04,Truck,18t,ICEV-d,CH,Urban delivery,2025,static,tkm,0.46276983474240524,0.46276984291521456,0.4627698429521916,-1.7740538792178143e-06
case-05,Bus,13m-city,BEV-depot,FR,bus,2025,static,pkm,0.05672949456877355,0.056729494568773534,0.056729496554922314,-3.5010865368134664e-06
case-06,Bus,18m,ICEV-d,CH,bus,2025,static,pkm,0.09858701187515487,0.09858701187515488,0.09858701115796725,7.274666372655846e-07
case-07,TwoWheeler,Scooter 4-11kW,BEV,DE,Two wheeler cycle,2025,static,pkm,0.05993521219172362,0.05893597184158733,0.058935971228407616,1.6954687307067906
case-08,TwoWheeler,Scooter <4kW,ICEV-p,CH,Two wheeler cycle,2025,static,pkm,0.08486200045347145,0.08486200045347145,0.08486200087992625,-5.025273945998409e-07
case-09,Car,Lower medium,PHEV-p,CH,WLTC,2025,static,vkm,0.17981382388744946,0.1789749222423634,0.17897492324893333,0.4687252399875702
case-10,Truck,26t,FCEV,DE,Regional delivery,2025,static,tkm,0.11575786351257888,0.11575786701719158,0.11575786490411125,-1.2021061054587186e-06
case-11,Car,Small,BEV,FR,WLTC,2025,SSP2-NPi,pkm,0.06565479237552498,0.06525880900552632,0.0652588092398014,0.6067887850489055
