case,vehicle,country,scenario,unit,grouped_kg_CO2_eq,manual_kg_CO2_eq,brightway_kg_CO2_eq,relative_difference_percent
case-01,Car Small BEV,FR,static,pkm,0.07638544348910471,0.0763854434891047,0.0763854438148617,-4.264647484619548e-07
case-02,Car Lower medium ICEV-p,CH,static,pkm,0.18590703876989378,0.18590703876989384,0.1859070366121448,1.1606601981364748e-06
case-03,Truck 7.5t BEV,CH,static,tkm,0.13001326019657228,0.13001326019657225,0.13001325752887466,2.0518658397365736e-06
case-04,Truck 18t ICEV-d,CH,static,tkm,0.46330905312315995,0.4633090613054922,0.4633090529237254,4.304569028019091e-08
case-05,Bus 13m-city BEV-depot,FR,static,pkm,0.05672949456877355,0.056729494568773534,0.05672949655492232,-3.5010865490450105e-06
case-06,Bus 18m ICEV-d,CH,static,pkm,0.09858701187515487,0.09858701187515488,0.09858701115796725,7.274666372655846e-07
case-07,TwoWheeler Scooter 4-11kW BEV,DE,static,pkm,0.058935971841587324,0.05893597184158733,0.05893597122840762,1.0404167245877497e-06
case-08,TwoWheeler Scooter <4kW ICEV-p,CH,static,pkm,0.08486200045347145,0.08486200045347145,0.08486200087992625,-5.025273945998409e-07
case-09,Car Lower medium PHEV-p,CH,static,vkm,0.17897492224236336,0.1789749222423634,0.17897492324893333,-5.624083798971359e-07
case-10,Truck 26t FCEV,DE,static,tkm,0.1159603537183949,0.11596035722913813,0.11596035609175512,-2.046699662436201e-06
case-11,Car Small BEV,FR,SSP2-NPi,pkm,0.06525880900552633,0.06525880900552632,0.0652588092398014,-3.5899378841500225e-07
